Listing items under project project-07850c05-c54d-486b-80a, location us-central1, repository realitysync.

us-central1-docker.pkg.dev/project-07850c05-c54d-486b-80a/realitysync/frontend,sha256:35b3b161b8c25baee452112a0d2cae56dc1d413c3cf2cc1ed0111c6589112271,,2026-06-05T01:49:59
us-central1-docker.pkg.dev/project-07850c05-c54d-486b-80a/realitysync/frontend,sha256:5fd64c828a5dd47e1b04e82a3f4d0645cdebc655804c03ceb22b23085aba11b0,,2026-06-05T01:42:41
us-central1-docker.pkg.dev/project-07850c05-c54d-486b-80a/realitysync/frontend,sha256:733ed933ea2e11c2eec379248ee92b578b9d83642f62c38e4469ec14249e51f6,,2026-06-05T02:16:22
us-central1-docker.pkg.dev/project-07850c05-c54d-486b-80a/realitysync/frontend,sha256:87218cfe0e0cfed7e7ba8f3c0a1be2a9b7ed49df29a90b512965582814956b50,,2026-06-05T01:58:26
us-central1-docker.pkg.dev/project-07850c05-c54d-486b-80a/realitysync/frontend,sha256:a17038e0d8811d18c4d62f1ce694fff3492f57451766030715910e89cbd27b31,latest,2026-06-13T18:10:32
us-central1-docker.pkg.dev/project-07850c05-c54d-486b-80a/realitysync/realitysync-api,sha256:08731e288dd57df421ccb11eec3da1344a7f5eb8e27a800795a56f84af546021,57731c20-f17b-4b2d-a574-650ad7625469,2026-06-05T01:25:12
us-central1-docker.pkg.dev/project-07850c05-c54d-486b-80a/realitysync/realitysync-api,sha256:112f6730659c5b365427815ce0ca5742a902d234ea086da7ae35250a5729aae8,cc894851-cff1-4209-b8c1-9bfeb2726786,2026-06-04T22:54:58
us-central1-docker.pkg.dev/project-07850c05-c54d-486b-80a/realitysync/realitysync-api,sha256:13bfb9133accd6949b922fe0b1c39f50b2dd41efb46f3881ff199826a42f737e,b7451546-9f67-46f7-a2ad-7d2773720394,2026-06-04T23:02:21
us-central1-docker.pkg.dev/project-07850c05-c54d-486b-80a/realitysync/realitysync-api,sha256:13ff48a6525c45c1a0e6bb9a2e847d83a4473fdf7ea6628be8ef94e992f5fb7d,9c1baf82-96ea-4333-a315-42b2996840cb,2026-06-04T13:56:14
us-central1-docker.pkg.dev/project-07850c05-c54d-486b-80a/realitysync/realitysync-api,sha256:14acd97c71b4ea3e4303838ad5d5f8fc2ee47b3163b4d9184cfdb0d9705a0856,08822c3f-72c9-4868-a019-9b9e2892957c,2026-06-04T22:58:48
us-central1-docker.pkg.dev/project-07850c05-c54d-486b-80a/realitysync/realitysync-api,sha256:1b7fb058c41ecacd3b6545463a6fd74c4ddc296127d4cb3262d995c18c1dc96e,,2026-06-13T01:24:31
us-central1-docker.pkg.dev/project-07850c05-c54d-486b-80a/realitysync/realitysync-api,sha256:1c5e2f99fadafb73c535670cc9ffb5d25ce424fc26f2786e8e4821028a97226f,,2026-06-13T03:13:10
us-central1-docker.pkg.dev/project-07850c05-c54d-486b-80a/realitysync/realitysync-api,sha256:23a657fbd54cc6ccf113f107b58b38723972b59bb3a2a26726f38d059c9d6be5,541b8f99-8cda-4ba1-964e-a27b7436a6d8,2026-06-04T23:11:22
us-central1-docker.pkg.dev/project-07850c05-c54d-486b-80a/realitysync/realitysync-api,sha256:23e20c3ffddd10abf2b004c58a4b9498e06592be74d42ca7e86b12b9725f9a84,,2026-06-13T16:35:49
us-central1-docker.pkg.dev/project-07850c05-c54d-486b-80a/realitysync/realitysync-api,sha256:2aeedea7e9d65f7e9baa070958000b98b5f41e04b2a0ff5f4106cbb0aaa0da53,,2026-06-13T15:57:04
us-central1-docker.pkg.dev/project-07850c05-c54d-486b-80a/realitysync/realitysync-api,sha256:48cab0764d28adb346f864c4ea90f5a89d1dd689e72d44dc76dd4cc1f03f3ace,19cfc0d2-fca2-4986-b3dc-a8a47a076a4a,2026-06-12T19:49:12
us-central1-docker.pkg.dev/project-07850c05-c54d-486b-80a/realitysync/realitysync-api,sha256:49a2d3143d49976c9ac588ce5bf2c6a905855189e253a0ff038ba2d400666595,bfcfd65c-62f5-4419-9e48-b5d5e7a9430f,2026-06-12T23:03:45
us-central1-docker.pkg.dev/project-07850c05-c54d-486b-80a/realitysync/realitysync-api,sha256:521dd910f2f2e5d210737698dabe047b1e31a05dc6ad82acb5fc187a3b2c440b,5dc4086b-86ed-46bb-87fd-a8ac4b4e6215,2026-06-04T14:20:43
us-central1-docker.pkg.dev/project-07850c05-c54d-486b-80a/realitysync/realitysync-api,sha256:54e12bc28aab052b8f1f559c40eb7f67da1ef301408a81e212688215e3f5818d,30cb4b54-e72a-45c0-9dea-a4d6f7f13b61,2026-06-04T14:26:05
us-central1-docker.pkg.dev/project-07850c05-c54d-486b-80a/realitysync/realitysync-api,sha256:5db5ce90ac2b7a739afe39adb6d9bd2732e2e443b03f9d57ab7b6cec45030e00,81c49450-0969-491e-93b5-ea62185d97c5,2026-06-05T15:48:37
us-central1-docker.pkg.dev/project-07850c05-c54d-486b-80a/realitysync/realitysync-api,sha256:654730853ec32d5da997d2bcbba52d1793cb7971eb105ee8b1946edff28babc9,f9502b6e-df44-45d9-85cd-c20ce9b7dc5d,2026-06-12T22:02:39
us-central1-docker.pkg.dev/project-07850c05-c54d-486b-80a/realitysync/realitysync-api,sha256:7412a65f78bb0dd36899361de2cc2fe6aa867eeea65b83060eb5d9839396adc6,0b09484c-b16a-49c5-961e-a03727fbdd7e,2026-06-04T23:16:11
us-central1-docker.pkg.dev/project-07850c05-c54d-486b-80a/realitysync/realitysync-api,sha256:7be06903fe1d0f64e8c2634023be2691cc1d991e61ddddd5781bfcea4307ec8d,3526e560-7420-49d1-a5db-fd324b8ac59d,2026-06-05T01:11:09
us-central1-docker.pkg.dev/project-07850c05-c54d-486b-80a/realitysync/realitysync-api,sha256:841ac8d3eeabfbd333e48b3b865098396e2e84691c7fd23cd17664ba12a09d36,341912c1-13cf-4eac-83bd-25db0fe740f4,2026-06-12T20:35:58
us-central1-docker.pkg.dev/project-07850c05-c54d-486b-80a/realitysync/realitysync-api,sha256:884463d643a00877949400b73e2e7d82a92497d3a59420435a376f2a4d6d1839,d16c3c9c-4c1f-4ffd-b736-e2a8aaf4a414,2026-06-12T21:29:15
us-central1-docker.pkg.dev/project-07850c05-c54d-486b-80a/realitysync/realitysync-api,sha256:890ffb6cae566afd8c8a111aa9bcfbb1f7802c8baf64cdbeccf3bebb6521ab0d,2606cec9-7978-498c-822a-36cb3d0c31e2,2026-06-13T15:38:55
us-central1-docker.pkg.dev/project-07850c05-c54d-486b-80a/realitysync/realitysync-api,sha256:8b4918b5a8d258854c5fce264d2ba875fa6c00f129b26789cfb6b9bd25f6a7ff,latest,2026-06-13T17:13:20
us-central1-docker.pkg.dev/project-07850c05-c54d-486b-80a/realitysync/realitysync-api,sha256:9d87f005d0628217cb3ff2c642659c82afb4b01b5b2a3748a318ce39cb21bcea,28ab168c-e08a-48e8-95db-4b46ba48089b,2026-06-04T23:03:44
us-central1-docker.pkg.dev/project-07850c05-c54d-486b-80a/realitysync/realitysync-api,sha256:af982b993338fd6a2eac4fb154a1a095f52a8346154506d2c740fd1a75da9267,913c9562-d39d-48aa-b99e-cc23d5bffa6b,2026-06-05T01:02:50
us-central1-docker.pkg.dev/project-07850c05-c54d-486b-80a/realitysync/realitysync-api,sha256:c7a4bef0a8f366435ecb689c2c34f05a79e588ed47871ae6b5b6ea4a57ae9266,a71e04aa-9026-4e4a-a744-00557607ec7f,2026-06-12T23:29:30
us-central1-docker.pkg.dev/project-07850c05-c54d-486b-80a/realitysync/realitysync-api,sha256:c9fb8f8e27b8342cfbf480335eeea907ed1b6a9dbd60276af7a91ce3dcbc46f4,b8b42a5e-e742-4d01-9845-8da6f364701c,2026-06-12T21:05:08
us-central1-docker.pkg.dev/project-07850c05-c54d-486b-80a/realitysync/realitysync-api,sha256:d0a7918741de85985cda9787568097e4b4553e2623415c6c1e22c152c3954281,ad0da214-fdc0-47e3-bc87-6d4f06afc474,2026-06-13T00:44:18
us-central1-docker.pkg.dev/project-07850c05-c54d-486b-80a/realitysync/realitysync-api,sha256:d1ac99d8f3dec16681b340b226f6b8172e40ecb13998f5b6908c9ba9a299bc33,e829ebc4-398c-41a2-9e73-0097103dafb1,2026-06-12T20:46:56
us-central1-docker.pkg.dev/project-07850c05-c54d-486b-80a/realitysync/realitysync-api,sha256:d94d082356115879ac30289422bb45a32971b5137113d985f9078d830854e564,e4596c15-9408-4cef-9292-8232f887fe62,2026-06-13T00:00:03
us-central1-docker.pkg.dev/project-07850c05-c54d-486b-80a/realitysync/realitysync-api,sha256:dc97745843a712fe2f4c2f3b070befea7f3830c987702f815204897f7cbc94e8,8994a99d-a86b-46b6-a953-f162681cfb39,2026-06-04T22:49:04
us-central1-docker.pkg.dev/project-07850c05-c54d-486b-80a/realitysync/realitysync-api,sha256:dd48a86e1160656ce888a7011cd0d87531f6680a7735d87661784b022dd08091,9dd058a0-915a-4597-aef6-b043ffc1a01f,2026-06-12T20:01:58
us-central1-docker.pkg.dev/project-07850c05-c54d-486b-80a/realitysync/realitysync-api,sha256:e40f8944b00ed382bccdf1a6b795eb3e24c353a501ef9f2be03e5076cfb06f90,28751bda-54fa-400e-a35d-da96818e1563,2026-06-04T14:13:30
us-central1-docker.pkg.dev/project-07850c05-c54d-486b-80a/realitysync/realitysync-api,sha256:e43f9645bfd91688877bbd2a5537a373fcc82ffc3dc2420f988b5ffe910af2a0,4e5157e9-9f2a-497b-bdc1-5a79573b05a0,2026-06-12T23:51:23
us-central1-docker.pkg.dev/project-07850c05-c54d-486b-80a/realitysync/realitysync-api,sha256:e87e00a9b099e809c4f272845435372538ed05a73635b7d0984abe0479b07a7b,bfa2ff1a-79b0-432c-8a0b-69008eaee322,2026-06-12T22:21:01
us-central1-docker.pkg.dev/project-07850c05-c54d-486b-80a/realitysync/realitysync-api,sha256:e888196ac70856560ebc407264bd4f50fd20caa46728de75e17cf3d2e007db75,fabd2901-c858-449d-abb7-750c02a4dfcf,2026-06-12T21:42:47
us-central1-docker.pkg.dev/project-07850c05-c54d-486b-80a/realitysync/realitysync-api,sha256:ec54eabe96c77a925b440b3cfa2a1ca7d9da478987b0bd4f38da8e439e0fd444,98a602c1-dc12-4438-9151-4a793b01703f,2026-06-12T22:38:06
us-central1-docker.pkg.dev/project-07850c05-c54d-486b-80a/realitysync/realitysync-api,sha256:fab3712afd0f11d1f0565c05f9df815c6096d7c7599a96b4fdb3a98a4c0a4e52,e404f85d-e66c-4ca9-923b-32932592e430,2026-06-04T14:08:24
us-central1-docker.pkg.dev/project-07850c05-c54d-486b-80a/realitysync/realitysync-frontend,sha256:055d8ab3e88d7b0b7e8068e5b84609e14e95a78cc01e63567573809d0129c2bb,,2026-06-13T01:01:58
us-central1-docker.pkg.dev/project-07850c05-c54d-486b-80a/realitysync/realitysync-frontend,sha256:1d62963a53c7da1ed36430c4cf6209b0287b3c29676eefeb1a4713fe3a1a1a96,,2026-06-04T17:27:15
us-central1-docker.pkg.dev/project-07850c05-c54d-486b-80a/realitysync/realitysync-frontend,sha256:2931bc84d45a9fe64abe40dd4b5d247a9497f28fd180cbe96bde1585e30f8002,e4596c15-9408-4cef-9292-8232f887fe62,2026-06-13T00:03:50
us-central1-docker.pkg.dev/project-07850c05-c54d-486b-80a/realitysync/realitysync-frontend,sha256:2fa668771961c72c6220dda6e31447356e0770d65ab4445cc07258f982855146,,2026-06-04T17:19:41
us-central1-docker.pkg.dev/project-07850c05-c54d-486b-80a/realitysync/realitysync-frontend,sha256:3043230801335379bdf92eb5b55a35d7bf998fb37a39d33853179e313e66d865,,2026-06-04T21:40:26
us-central1-docker.pkg.dev/project-07850c05-c54d-486b-80a/realitysync/realitysync-frontend,sha256:31e634e09d90fb6581283ac32b1bbd5fc8c9b6ae72cae614d07b319090cea311,,2026-06-04T17:37:48
us-central1-docker.pkg.dev/project-07850c05-c54d-486b-80a/realitysync/realitysync-frontend,sha256:35f9bc613fec3b5986e3ee3681f4d5d0797429d8ca76a6c574c17e00dcfa4a6d,b8b42a5e-e742-4d01-9845-8da6f364701c,2026-06-12T21:07:55
us-central1-docker.pkg.dev/project-07850c05-c54d-486b-80a/realitysync/realitysync-frontend,sha256:361a8f0d1bfb2d7def602232cfcd97e6335a5cf77c94f02e32fb22b7291a93c6,d16c3c9c-4c1f-4ffd-b736-e2a8aaf4a414,2026-06-12T21:32:17
us-central1-docker.pkg.dev/project-07850c05-c54d-486b-80a/realitysync/realitysync-frontend,sha256:40f327758af9197e2c1b58a099df007029a1ef12612302de61e3d5d397d6d806,bfcfd65c-62f5-4419-9e48-b5d5e7a9430f,2026-06-12T23:06:39
us-central1-docker.pkg.dev/project-07850c05-c54d-486b-80a/realitysync/realitysync-frontend,sha256:5e0bcdf733f774544145a9b26fd5f9318513f0e80b53886b2867f995dcc8822a,505ed0b8-2760-499c-b022-cccb2c8b8f89,2026-06-04T14:42:00
us-central1-docker.pkg.dev/project-07850c05-c54d-486b-80a/realitysync/realitysync-frontend,sha256:5ec10b19906e44951dd374452f97336a58a9a1525cc7505b76e2a5a88f00798b,,2026-06-04T18:58:37
us-central1-docker.pkg.dev/project-07850c05-c54d-486b-80a/realitysync/realitysync-frontend,sha256:5ee4c92437a3a98ea1c05e2b5502eb501669e00d0f2c19e11bf1867db831f2c6,,2026-06-04T17:51:16
us-central1-docker.pkg.dev/project-07850c05-c54d-486b-80a/realitysync/realitysync-frontend,sha256:654e3d91cc229eb917d2d52b93f30e0cb20d7800a9d974376c0f8da8ac972ef1,57731c20-f17b-4b2d-a574-650ad7625469,2026-06-05T01:27:47
us-central1-docker.pkg.dev/project-07850c05-c54d-486b-80a/realitysync/realitysync-frontend,sha256:6adbaa13e80c95eda584f1d3100a09f11ce1f19da1c162487ba3cdb8009fe960,4e5157e9-9f2a-497b-bdc1-5a79573b05a0,2026-06-12T23:53:56
us-central1-docker.pkg.dev/project-07850c05-c54d-486b-80a/realitysync/realitysync-frontend,sha256:7524362d2085c135ecf4e86260fbc5bd11b633b4d1ba1b6062d2eb8cf560c1f6,341912c1-13cf-4eac-83bd-25db0fe740f4,2026-06-12T20:39:25
us-central1-docker.pkg.dev/project-07850c05-c54d-486b-80a/realitysync/realitysync-frontend,sha256:784f0cf8d5ab2fe5a027a9126e1e8060f021d51fa12c9dbe1fd0fb59fc0c60ee,,2026-06-04T19:03:00
us-central1-docker.pkg.dev/project-07850c05-c54d-486b-80a/realitysync/realitysync-frontend,sha256:785ae147d97e44e6e35a44c877e206e6104cc10a3b2bda9bdb65eb7e292ad2a4,81c49450-0969-491e-93b5-ea62185d97c5,2026-06-05T15:52:04
us-central1-docker.pkg.dev/project-07850c05-c54d-486b-80a/realitysync/realitysync-frontend,sha256:7aca5b63a539398a77999a6d234472454bdc38446f1712df28307472639ab869,latest,2026-06-13T18:03:48
us-central1-docker.pkg.dev/project-07850c05-c54d-486b-80a/realitysync/realitysync-frontend,sha256:81dcba19ef3fa82dcdc14e49eb6dcbeea16a7c6d46ed83f9c5f012eb7ca48afd,,2026-06-04T15:51:59
us-central1-docker.pkg.dev/project-07850c05-c54d-486b-80a/realitysync/realitysync-frontend,sha256:82aed4e6e741da158b574426612697f1cf3d71773197287dc08e4e136b6accba,fabd2901-c858-449d-abb7-750c02a4dfcf,2026-06-12T21:45:56
us-central1-docker.pkg.dev/project-07850c05-c54d-486b-80a/realitysync/realitysync-frontend,sha256:8336a8270443018325d06f7dfa0e62981daed4bc2609fd43ce66fae63a365ede,e829ebc4-398c-41a2-9e73-0097103dafb1,2026-06-12T20:49:50
us-central1-docker.pkg.dev/project-07850c05-c54d-486b-80a/realitysync/realitysync-frontend,sha256:99dff9cc614895799c8cb12a7580a0e82702af54c9f1e84cd3c7d1ae1fe37261,,2026-06-04T17:31:31
us-central1-docker.pkg.dev/project-07850c05-c54d-486b-80a/realitysync/realitysync-frontend,sha256:9bb0ccd84289716adf4c4b5e27b1acaa496945092e8175b41a7977e1ed32b3ae,ad0da214-fdc0-47e3-bc87-6d4f06afc474,2026-06-13T00:47:17
us-central1-docker.pkg.dev/project-07850c05-c54d-486b-80a/realitysync/realitysync-frontend,sha256:9c4b215df2083ee4ba73cccb20c8c9f807aa824d8c45b647023115679d7f68d3,2606cec9-7978-498c-822a-36cb3d0c31e2,2026-06-13T15:41:33
us-central1-docker.pkg.dev/project-07850c05-c54d-486b-80a/realitysync/realitysync-frontend,sha256:9fcf45d4544b5fa083cfb09e1fb2c659edaead52aac0ca3e0fe1965e2c93cfde,f9502b6e-df44-45d9-85cd-c20ce9b7dc5d,2026-06-12T22:06:02
us-central1-docker.pkg.dev/project-07850c05-c54d-486b-80a/realitysync/realitysync-frontend,sha256:a5a9618ae8554e5bfff5c1f4a6768dcb512cc12f185be86a6d4bff2bcf6caece,3526e560-7420-49d1-a5db-fd324b8ac59d,2026-06-05T01:14:05
us-central1-docker.pkg.dev/project-07850c05-c54d-486b-80a/realitysync/realitysync-frontend,sha256:b4bd8f1e1183d0da0bff5f0e78f13a60269b8331bc967247aa1e3296a9716618,,2026-06-13T16:58:19
us-central1-docker.pkg.dev/project-07850c05-c54d-486b-80a/realitysync/realitysync-frontend,sha256:b50dac02fb7350a1bcdb3aa1913b7e3705717061fdbf8eb668cec2caab2c26c4,98a602c1-dc12-4438-9151-4a793b01703f,2026-06-12T22:41:28
us-central1-docker.pkg.dev/project-07850c05-c54d-486b-80a/realitysync/realitysync-frontend,sha256:b7d3995d7c6f4bbf191641e8a1a7f155087cde2560d75c419bb8ed9a031ad283,,2026-06-04T17:54:08
us-central1-docker.pkg.dev/project-07850c05-c54d-486b-80a/realitysync/realitysync-frontend,sha256:be637cdb16bc45cbccde7259cb3919f0cecd464f2b2d711b131a0578f544442b,,2026-06-13T13:24:08
us-central1-docker.pkg.dev/project-07850c05-c54d-486b-80a/realitysync/realitysync-frontend,sha256:dc05e14ac2f94319fbaf1399ffca8ad4dfc897a6504c803da326bfba5e774d48,9dd058a0-915a-4597-aef6-b043ffc1a01f,2026-06-12T20:05:03
us-central1-docker.pkg.dev/project-07850c05-c54d-486b-80a/realitysync/realitysync-frontend,sha256:e154e7771b6dccaa8e544be5de4fddfe05d1be7a47431cfb9fbf20c1c5b58742,bfa2ff1a-79b0-432c-8a0b-69008eaee322,2026-06-12T22:23:56
us-central1-docker.pkg.dev/project-07850c05-c54d-486b-80a/realitysync/realitysync-frontend,sha256:eab07c1e22c14b79daaefa5d27cff6089db6f6c4212026a424d6993cd0be94ed,,2026-06-04T18:00:13
us-central1-docker.pkg.dev/project-07850c05-c54d-486b-80a/realitysync/realitysync-frontend,sha256:f622d78d21b1f66b913355f7807b33f417c2cdc65af6754328a2475b9ab1a251,,2026-06-04T17:22:53
us-central1-docker.pkg.dev/project-07850c05-c54d-486b-80a/realitysync/realitysync-frontend,sha256:fa2e942b72c3d6341db5ef46e724019663426ee93da286a5ad52d55897144596,,2026-06-04T21:19:23
us-central1-docker.pkg.dev/project-07850c05-c54d-486b-80a/realitysync/realitysync-frontend,sha256:faf1065fcc24f3eee26ef3066be594b29a9e8a4143cb35dabbf2419e19289a0e,a71e04aa-9026-4e4a-a744-00557607ec7f,2026-06-12T23:33:09
us-central1-docker.pkg.dev/project-07850c05-c54d-486b-80a/realitysync/realitysync-frontend,sha256:fc220cb02147ba425f65c3f5a1adc4228ca8aecc83287dd2d8f9e91d5dc7b357,6ae3497c-3b9a-4a1b-9288-bf9ae19ae21e,2026-06-04T23:26:51
us-central1-docker.pkg.dev/project-07850c05-c54d-486b-80a/realitysync/realitysync-titiler,sha256:07400e06bd0c3d5d017eb5e282422d1ad438c3e51e616d2a6410f07b58f79622,3526e560-7420-49d1-a5db-fd324b8ac59d,2026-06-05T01:13:55
us-central1-docker.pkg.dev/project-07850c05-c54d-486b-80a/realitysync/realitysync-titiler,sha256:09a9b1b349f29b7bacae8802d331e6629738c69c726ce74e77f5bc9c6dc7c1c9,57731c20-f17b-4b2d-a574-650ad7625469,2026-06-05T01:27:40
us-central1-docker.pkg.dev/project-07850c05-c54d-486b-80a/realitysync/realitysync-titiler,sha256:0b949a5d5c0468319aab9b69b7c5bbd86fb9ede58d13733c0abb7cf5f69ab165,bfcfd65c-62f5-4419-9e48-b5d5e7a9430f,2026-06-12T23:06:27
us-central1-docker.pkg.dev/project-07850c05-c54d-486b-80a/realitysync/realitysync-titiler,sha256:11c4da09c53afb24018eccc108084e01bb34a40bd32bd08031cf6864d73b155f,341912c1-13cf-4eac-83bd-25db0fe740f4,2026-06-12T20:38:41
us-central1-docker.pkg.dev/project-07850c05-c54d-486b-80a/realitysync/realitysync-titiler,sha256:1b4ae6b2b3d9bde9c8d9e851c7db82fb424639518cd5f7a69ace9773950ceb1e,,2026-06-04T18:39:45
us-central1-docker.pkg.dev/project-07850c05-c54d-486b-80a/realitysync/realitysync-titiler,sha256:327b4171effa377a0150713ded26e7463f2cf340877f9d8962fdbff2ea26ab8e,,2026-06-04T18:50:25
us-central1-docker.pkg.dev/project-07850c05-c54d-486b-80a/realitysync/realitysync-titiler,sha256:39f541eebe28f4b981e79682d67f1ba5f853eaa1596620037042831e1ce4f659,build1,2026-06-04T14:32:02
us-central1-docker.pkg.dev/project-07850c05-c54d-486b-80a/realitysync/realitysync-titiler,sha256:44e991af165eed7748f38eb200194e68c427f361959604ef07471e24a96455d4,bfa2ff1a-79b0-432c-8a0b-69008eaee322,2026-06-12T22:23:50
us-central1-docker.pkg.dev/project-07850c05-c54d-486b-80a/realitysync/realitysync-titiler,sha256:450c24a2634df3ff5d158ccb5390ed16c7b6c0ee743d0e0ddddea9960d5278b4,,2026-06-04T18:44:37
us-central1-docker.pkg.dev/project-07850c05-c54d-486b-80a/realitysync/realitysync-titiler,sha256:732c8c6c88a25c2d0b7c091898f8b8d6d1cfe3a4cff208ceb5fa9b81a0f943f2,f9502b6e-df44-45d9-85cd-c20ce9b7dc5d,2026-06-12T22:05:28
us-central1-docker.pkg.dev/project-07850c05-c54d-486b-80a/realitysync/realitysync-titiler,sha256:892d62fa665a1d703d212cf116c35d90922353ca2fa9efb6b6006d98853cb155,ad0da214-fdc0-47e3-bc87-6d4f06afc474,2026-06-13T00:47:02
us-central1-docker.pkg.dev/project-07850c05-c54d-486b-80a/realitysync/realitysync-titiler,sha256:8d9c901cc613e440b365c129a47c02c72c5ed1e19dfc2764ec526a928301959d,b8b42a5e-e742-4d01-9845-8da6f364701c,2026-06-12T21:07:43
us-central1-docker.pkg.dev/project-07850c05-c54d-486b-80a/realitysync/realitysync-titiler,sha256:9826a6e070c0dda84d1aff90a37e09cdb53d7a4bff59aa18529a80ecaa38fb50,e4596c15-9408-4cef-9292-8232f887fe62,2026-06-13T00:03:02
us-central1-docker.pkg.dev/project-07850c05-c54d-486b-80a/realitysync/realitysync-titiler,sha256:a2bf614b03b1276b5e56f16df7ff00c3152a3aacbe741f0919f500f72d11659d,81c49450-0969-491e-93b5-ea62185d97c5,2026-06-05T15:51:40
us-central1-docker.pkg.dev/project-07850c05-c54d-486b-80a/realitysync/realitysync-titiler,sha256:ac2d001fad886b035093d6732f6a7671d2810f20906488d8c008ead1675ef58c,98a602c1-dc12-4438-9151-4a793b01703f,2026-06-12T22:40:37
us-central1-docker.pkg.dev/project-07850c05-c54d-486b-80a/realitysync/realitysync-titiler,sha256:bdec88c7adc932bbc1155fbebcfd7daefda4b6f449cd078ca72b7d2f85754c80,fabd2901-c858-449d-abb7-750c02a4dfcf,2026-06-12T21:45:19
us-central1-docker.pkg.dev/project-07850c05-c54d-486b-80a/realitysync/realitysync-titiler,sha256:cc78a90c8b173d433374901e331cbffaf69cca64997b6066e724dc6e60ba5322,,2026-06-04T14:34:57
us-central1-docker.pkg.dev/project-07850c05-c54d-486b-80a/realitysync/realitysync-titiler,sha256:d7957303cb688c8472638c1c47f89163ab507da2f8f757e7a88e0f296cb9a613,e829ebc4-398c-41a2-9e73-0097103dafb1,2026-06-12T20:49:46
us-central1-docker.pkg.dev/project-07850c05-c54d-486b-80a/realitysync/realitysync-titiler,sha256:e144528dbf8ddd072bea9e1a5ab741704875d5069f627b340f6e284b69f60af9,6ae3497c-3b9a-4a1b-9288-bf9ae19ae21e,2026-06-04T23:25:42
us-central1-docker.pkg.dev/project-07850c05-c54d-486b-80a/realitysync/realitysync-titiler,sha256:e1c762b7779f182b9f2f0164749bf82d94dff8588d7d6cb27a5a6fe370c098c2,a71e04aa-9026-4e4a-a744-00557607ec7f,2026-06-12T23:32:31
us-central1-docker.pkg.dev/project-07850c05-c54d-486b-80a/realitysync/realitysync-titiler,sha256:e878abd2428604b84b0e36cbba653d27e55e6389189ea11db935f0346c7a7b7e,d16c3c9c-4c1f-4ffd-b736-e2a8aaf4a414,2026-06-12T21:31:53
us-central1-docker.pkg.dev/project-07850c05-c54d-486b-80a/realitysync/realitysync-titiler,sha256:ef5da6f83f77f3e5a2c33c80c4f368e210399fee6247671f516ad40eff74fac7,4e5157e9-9f2a-497b-bdc1-5a79573b05a0,2026-06-12T23:54:18
us-central1-docker.pkg.dev/project-07850c05-c54d-486b-80a/realitysync/realitysync-titiler,sha256:f6a28e3081d3279dec6172a49ae99233e7ce3a9049f5315515ef013adbfa7fa6,"2606cec9-7978-498c-822a-36cb3d0c31e2,latest",2026-06-13T15:41:37
us-central1-docker.pkg.dev/project-07850c05-c54d-486b-80a/realitysync/realitysync-titiler,sha256:fcdb7deec2c11a37054e3fea88026c9d6dca5f1802c91129ee447e0015ff2269,19cfc0d2-fca2-4986-b3dc-a8a47a076a4a,2026-06-12T19:51:54
us-central1-docker.pkg.dev/project-07850c05-c54d-486b-80a/realitysync/realitysync-titiler,sha256:fd3928faf8367e2938744abbd2a78da85a7666a4055f4e5254e8492791a6c4dc,9dd058a0-915a-4597-aef6-b043ffc1a01f,2026-06-12T20:04:31
