headline,product_name,product_slug,source_file
Sony Xperia 5 IV Review: The Compact Flagship That Refuses to Compromise,Sony Xperia 5 IV,sony-xperia-5-iv,blog_content/batches/001-early-birds/001-sony-xperia-5-iv.json
Sony Xperia 10 V Review: The World's Lightest 5G Phone With a Monster Battery,Sony Xperia 10 V,sony-xperia-10-v,blog_content/batches/001-early-birds/002-sony-xperia-10-v.json
Samsung Galaxy A42 5G Review: Affordable 5G for Everyday Users in Kenya,Galaxy A42 5G,samsung-galaxy-a42-5g,blog_content/batches/001-early-birds/003-galaxy-a42-5g.json
Samsung Galaxy S20 FE 5G Review: The Fan Edition That Still Delivers in 2026,Galaxy S20 FE 5G,samsung-galaxy-s20-fe-5g,blog_content/batches/001-early-birds/004-galaxy-s20-fe-5g.json
Google Pixel 7A Review: The Best Camera You Can Get Under 50K in Kenya,Pixel 7A,google-pixel-7a,blog_content/batches/001-early-birds/005-google-pixel-7a.json
iPhone 16 Review: The Base Model That Finally Feels Premium in 2026,iPhone 16,iphone-16,blog_content/batches/002-apple-iphone-16/001-iphone-16.json
"iPhone 16 Plus Review: Big Screen, Big Battery, Smart Price",iPhone 16 Plus,iphone-16-plus,blog_content/batches/002-apple-iphone-16/002-iphone-16-plus.json
iPhone 16 Pro Review: The Sweet Spot in Apple's 2026 Lineup,iPhone 16 Pro,iphone-16-pro,blog_content/batches/002-apple-iphone-16/003-iphone-16-pro.json
iPhone 16 Pro Max Review: The Ultimate iPhone for Power Users in 2026,iPhone 16 Pro Max,iphone-16-pro-max,blog_content/batches/002-apple-iphone-16/004-iphone-16-pro-max.json
"iPhone 16e Review: Apple's Most Affordable iPhone in 2026, Fully Reviewed",iPhone 16e,iphone-16e,blog_content/batches/002-apple-iphone-16/005-iphone-16e.json
iPhone 17 Review: Apple's Most Refined Base Model Yet,iPhone 17 E-SIM,iphone-17,blog_content/batches/003-apple-iphone-17/001-iphone-17.json
iPhone 17 Pro Review: The Pro iPhone That Does It All,iPhone 17 Pro E-SIM,iphone-17-pro,blog_content/batches/003-apple-iphone-17/002-iphone-17-pro.json
"iPhone 17 Pro Max Review: Apple's Most Powerful Phone, Period",iPhone 17 Pro Max E-SIM,iphone-17-pro-max,blog_content/batches/003-apple-iphone-17/003-iphone-17-pro-max.json
iPhone 17e Review: Apple's Affordable Powerhouse Gets Even Better,iPhone 17e,iphone-17e,blog_content/batches/003-apple-iphone-17/004-iphone-17e.json
"iPhone Air Review: The Thinnest iPhone Ever, Now in Kenya",iPhone Air,iphone-air,blog_content/batches/003-apple-iphone-17/005-iphone-air.json
iPhone 15 Review: Why It's Still a Great Buy in 2026,iPhone 15,iphone-15,blog_content/batches/004-apple-iphone-15-series/001-iphone-15.json
"iPhone 15 Plus Review: Big Battery, Big Screen, Big Value",iPhone 15 Plus,iphone-15-plus,blog_content/batches/004-apple-iphone-15-series/002-iphone-15-plus.json
"iPhone 15 Pro Review: The First Titanium iPhone, Still a Beast in 2026",iPhone 15 Pro,iphone-15-pro,blog_content/batches/004-apple-iphone-15-series/003-iphone-15-pro.json
"iPhone 15 Pro Max Review: The First 5x Zoom iPhone, Still a Flagship",iPhone 15 Pro Max,iphone-15-pro-max,blog_content/batches/004-apple-iphone-15-series/004-iphone-15-pro-max.json
iPhone 14 Review: A Solid Choice for Budget Buyers in 2026,iPhone 14,iphone-14,blog_content/batches/004-apple-iphone-15-series/005-iphone-14.json
iPhone 14 Plus Review: Big Battery on a Budget in 2026,iPhone 14 Plus,iphone-14-plus,blog_content/batches/005-apple-older-iphones/001-iphone-14-plus.json
"iPhone 14 Pro Review: The Dynamic Island Pioneer, Still Great in 2026",iPhone 14 Pro,iphone-14-pro,blog_content/batches/005-apple-older-iphones/002-iphone-14-pro.json
iPhone 14 Pro Max Review: A Flagship That's Aged Beautifully,iPhone 14 Pro Max,iphone-14-pro-max,blog_content/batches/005-apple-older-iphones/003-iphone-14-pro-max.json
"iPhone SE (3rd Gen) Review: The Last Home Button iPhone, Still Worth It?",iPhone SE(3rd Gen),iphone-se-3rd-gen,blog_content/batches/005-apple-older-iphones/004-iphone-se-3rd-gen.json
iPhone 13 Review: Why It's Still a Great Buy in 2026,iPhone 13,iphone-13,blog_content/batches/005-apple-older-iphones/005-iphone-13.json
iPhone 13 Pro Review: ProMotion on a Budget in 2026,iPhone 13 Pro,iphone-13-pro,blog_content/batches/006-apple-iphone-13-pro-12-series/001-iphone-13-pro.json
"iPhone 13 Pro Max Review: The Battery King, Still Going Strong in 2026",iPhone 13 Pro Max,iphone-13-pro-max,blog_content/batches/006-apple-iphone-13-pro-12-series/002-iphone-13-pro-max.json
iPhone 13 Mini Review: The Last True Compact Flagship,iPhone 13 mini,iphone-13-mini,blog_content/batches/006-apple-iphone-13-pro-12-series/003-iphone-13-mini.json
"iPhone 12 Review: The Design That Started a New Era, Still Worth It?",iPhone 12,iphone-12,blog_content/batches/006-apple-iphone-13-pro-12-series/004-iphone-12.json
"iPhone 12 Pro Max Review: The Big Camera Leap, Still a Great Used Buy",iPhone 12 Pro Max,iphone-12-pro-max,blog_content/batches/006-apple-iphone-13-pro-12-series/005-iphone-12-pro-max.json
iPhone 12 Pro Review: Premium Build at a Budget Price in 2026,iPhone 12 Pro,iphone-12-pro,blog_content/batches/007-apple-older-iphones/001-iphone-12-pro.json
"iPhone 12 mini Review: Ultra-Compact, Still Usable in 2026",iPhone 12 mini,iphone-12-mini,blog_content/batches/007-apple-older-iphones/002-iphone-12-mini.json
iPhone 11 Pro Review: Premium Triple Cameras at a Bargain Price,iPhone 11 Pro,iphone-11-pro,blog_content/batches/007-apple-older-iphones/003-iphone-11-pro.json
"iPhone 11 Pro Max Review: The First Pro Max, Still a Bargain",iPhone 11 Pro Max,iphone-11-pro-max,blog_content/batches/007-apple-older-iphones/004-iphone-11-pro-max.json
iPhone 11 Review: The Best Budget iPhone in 2026?,iPhone 11,iphone-11,blog_content/batches/007-apple-older-iphones/005-iphone-11.json
iPhone 7 Review: The Classic That Started Something New,iPhone 7,iphone-7,blog_content/batches/008-apple-vintage-iphones/001-iphone-7.json
iPhone 7 Plus Review: The First Dual-Camera iPhone,iPhone 7 Plus,iphone-7-plus,blog_content/batches/008-apple-vintage-iphones/002-iphone-7-plus.json
"iPhone 8 Review: The Last of Its Kind, Still Around in 2026",iPhone 8,iphone-8,blog_content/batches/008-apple-vintage-iphones/003-iphone-8.json
iPhone 8 Plus Review: The Last True Home Button Flagship,iPhone 8 Plus,iphone-8-plus,blog_content/batches/008-apple-vintage-iphones/004-iphone-8-plus.json
"iPhone X Review: The iPhone That Changed Everything, Still Around in 2026",iPhone X,iphone-x,blog_content/batches/008-apple-vintage-iphones/005-iphone-x.json
iPhone XR Review: The Colourful iPhone That Aged Surprisingly Well,iPhone XR,iphone-xr,blog_content/batches/009-apple-xr-xs-acc/001-iphone-xr.json
"iPhone XS Review: The Refined Premium iPhone, Still Affordable in 2026",iPhone XS,iphone-xs,blog_content/batches/009-apple-xr-xs-acc/002-iphone-xs.json
"iPhone XS Max Review: The First Big Premium iPhone, Still a Bargain",iPhone XS Max,iphone-xs-max,blog_content/batches/009-apple-xr-xs-acc/003-iphone-xs-max.json
iPhone Rhode Cover Review: Protect Your iPhone in Style in Kenya,iPhone Rhode Cover,iphone-rhode-cover,blog_content/batches/009-apple-xr-xs-acc/004-iphone-rhode-cover.json
"iPhone Lightning Earphones Review: Wired Sound, Zero Hassle",iPhone lightning earphones,iphone-lightning-earphones,blog_content/batches/009-apple-xr-xs-acc/005-iphone-lighting-earphones.json
Apple 20W USB-C Adapter Review: Fast Charging for Your iPhone,Adapter 20W,apple-20w-usb-c-adapter,blog_content/batches/010-apple-accessories/001-apple-20w-adapter.json
Apple 35W Dual USB-C Adapter Review: Charge Two Devices at Once,Adapter 35W,apple-35w-dual-usb-c-adapter,blog_content/batches/010-apple-accessories/002-apple-35w-adapter.json
Apple C-Lightning Cable Review: Fast Charge & Sync for Your iPhone,C-Lightning Cable,apple-c-lightning-cable,blog_content/batches/010-apple-accessories/003-apple-c-lighting-cable.json
Apple USB-A to Lightning Cable Review: Reliable Charging for Older Setups,USB A-Lightning cable,apple-usb-a-to-lightning-cable,blog_content/batches/010-apple-accessories/004-apple-usb-a-lighting-cable.json
"Apple 3-in-1 Wireless Charger Review: Charge iPhone, Watch & AirPods Together",3 in 1 wireless charger,apple-3-in-1-wireless-charger,blog_content/batches/010-apple-accessories/005-apple-3-in-1-wireless-charger.json
Apple Wireless iPhone Charger Review: Convenient Cable-Free Charging,Wireless iPhone Charger,apple-wireless-iphone-charger,blog_content/batches/011-apple-more-accessories/001-wireless-iphone-charger.json
Vacuum Magnetic Phone Stand Review: Hands-Free Viewing Anywhere,Vacuum Magnetic phone stand,vacuum-magnetic-phone-stand,blog_content/batches/011-apple-more-accessories/002-vacuum-magnetic-phone-stand.json
Apple Watch Silicone Straps Review: Swap Your Style Instantly,Apple Watch Silicone Straps,apple-watch-silicone-straps,blog_content/batches/011-apple-more-accessories/003-apple-watch-silicone-straps.json
iPad 11 (A16) Review: The Best Value iPad in 2026,iPad 11 A16,ipad-11-a16,blog_content/batches/011-apple-more-accessories/004-ipad-11-a16.json
"MacBook Air Review: Apple's Ultraportable Laptop, Now in Kenya",Macbook Air,macbook-air,blog_content/batches/011-apple-more-accessories/005-macbook-air.json
Travel Portable Stand Review: Your iPhone's Travel Companion,Travel Portable Stand,travel-portable-stand,blog_content/batches/011-apple-more-accessories/006-travel-portable-stand.json
iPad 6th Gen Review: Reliable Tablet for Everyday Use in Kenya,iPad 6th Gen,ipad-6th-gen,blog_content/batches/011-apple-more-accessories/007-ipad-6th-gen.json
"AirPods Pro 3 Review: Apple's Best Earbuds Yet, in Kenya",AirPods Pro 3,airpods-pro-3,blog_content/batches/011-apple-more-accessories/008-airpods-pro-3.json
Samsung Galaxy S26 Review: The Flagship Evolution Continues,Galaxy S26,samsung-galaxy-s26,blog_content/batches/012-samsung-galaxy-s26-series/001-galaxy-s26.json
"Samsung Galaxy S26+ Review: Bigger Screen, Bigger Battery",Galaxy S26,samsung-galaxy-s26,blog_content/batches/012-samsung-galaxy-s26-series/002-galaxy-s26-plus.json
Samsung Galaxy S26 Ultra Review: The Ultimate Android Flagship,Galaxy S26 Ultra,samsung-galaxy-s26-ultra,blog_content/batches/012-samsung-galaxy-s26-series/003-galaxy-s26-ultra.json
"Samsung Galaxy S25 Review: Compact Power, Premium Feel",Galaxy S25,samsung-galaxy-s25,blog_content/batches/012-samsung-galaxy-s26-series/004-galaxy-s25.json
Samsung Galaxy Z Fold 7 Review: The Foldable Phone Matured,Samsung Galaxy Z Fold 7,samsung-galaxy-z-fold-7,blog_content/batches/012-samsung-galaxy-s26-series/005-galaxy-z-fold-7.json
"Samsung Galaxy S25+ Review: Big Screen, Pro Camera, Fast Chip",Galaxy S25,samsung-galaxy-s25,blog_content/batches/013-samsung-s25-s24/001-galaxy-s25-plus.json
"Samsung Galaxy S25 Ultra Review: The S Pen Flagship, Still a Beast",Galaxy S25 Ultra,samsung-galaxy-s25-ultra,blog_content/batches/013-samsung-s25-s24/002-galaxy-s25-ultra.json
Samsung Galaxy S24 Review: AI-Powered Excellence at a Lower Price,Galaxy S24,samsung-galaxy-s24,blog_content/batches/013-samsung-s25-s24/003-galaxy-s24.json
"Samsung Galaxy S24+ Review: Big AI, Big Display, Big Value",Galaxy S24,samsung-galaxy-s24,blog_content/batches/013-samsung-s25-s24/004-galaxy-s24-plus.json
"Samsung Galaxy S24 Ultra Review: Titanium, AI, and the S Pen Legacy",Galaxy S24 Ultra,samsung-galaxy-s24-ultra,blog_content/batches/013-samsung-s25-s24/005-galaxy-s24-ultra.json
"Samsung Galaxy Z Fold 6 Review: Lighter, Slimmer, Smarter Foldable",Samsung Galaxy Z Fold 6,samsung-galaxy-z-fold-6,blog_content/batches/014-samsung-fold-flip/001-galaxy-z-fold-6.json
Samsung Galaxy Z Fold 5 Review: The First Crease-Free Foldable,Galaxy Z Fold5,samsung-galaxy-z-fold-5,blog_content/batches/014-samsung-fold-flip/002-galaxy-z-fold-5.json
Samsung Galaxy Z Fold 4 Review: Dual-Purpose Phone and Tablet,Samsung Galaxy Z Fold 4,samsung-galaxy-z-fold-4,blog_content/batches/014-samsung-fold-flip/003-galaxy-z-fold-4.json
Samsung Galaxy Z Fold 3 Review: Water-Resistant Foldable at a Discount,Samsung Galaxy Z Fold 3,samsung-galaxy-z-fold-3,blog_content/batches/014-samsung-fold-flip/004-galaxy-z-fold-3.json
Samsung Galaxy Z Flip 7 Review: Premium Folding Phone Lifestyle,Samsung Galaxy Z Flip 7,samsung-galaxy-z-flip-7,blog_content/batches/014-samsung-fold-flip/005-galaxy-z-flip-7.json
"Samsung Galaxy Z Flip 6 Review: Big Cover Screen, Big Personality",Samsung Galaxy Z Flip 6,samsung-galaxy-z-flip-6,blog_content/batches/015-samsung-s23-s22/001-galaxy-z-flip-6.json
Samsung Galaxy Z Flip 5 Review: The Flip That Folds Flat,Samsung Galaxy Z Flip 5,samsung-galaxy-z-flip-5,blog_content/batches/015-samsung-s23-s22/002-galaxy-z-flip-5.json
Samsung Galaxy Z Flip 4 Review: Refined Clamshell at a Lower Price,Samsung Galaxy Z Flip 4,samsung-galaxy-z-flip-4,blog_content/batches/015-samsung-s23-s22/003-galaxy-z-flip-4.json
Samsung Galaxy S23 Review: Compact Camera King at a Great Price,Galaxy S23+,samsung-galaxy-s23,blog_content/batches/015-samsung-s23-s22/004-galaxy-s23.json
"Samsung Galaxy S23+ Review: Bigger Battery, Bigger Display",Galaxy S23+,samsung-galaxy-s23,blog_content/batches/016-samsung-s21-s20/001-galaxy-s23-plus.json
Samsung Galaxy S23 Ultra Review: 200MP Camera Powerhouse,Galaxy S23 Ultra,samsung-galaxy-s23-ultra,blog_content/batches/016-samsung-s21-s20/002-galaxy-s23-ultra.json
"Samsung Galaxy S23 FE Review: Fan Edition Value, Flagship Features",Galaxy S23FE,samsung-galaxy-s23-fe,blog_content/batches/016-samsung-s21-s20/003-galaxy-s23-fe.json
"Samsung Galaxy S22 Review: Compact Premium, Great Value in 2026",Samsung Galaxy S22,samsung-galaxy-s22,blog_content/batches/016-samsung-s21-s20/004-galaxy-s22.json
Samsung Galaxy S22 Ultra Review: The Note Legacy Continues,Galaxy S22 Ultra,samsung-galaxy-s22-ultra,blog_content/batches/016-samsung-s21-s20/005-galaxy-s22-ultra.json
Samsung Galaxy S21 Review: The Compact Flagship That Started a New Design Era,Samsung Galaxy S21,samsung-galaxy-s21,blog_content/batches/017-samsung-s21-s20-note/001-galaxy-s21.json
Samsung Galaxy S21 Ultra Review: The Camera Beast That Set New Standards,Samsung Galaxy S21 Ultra,samsung-galaxy-s21-ultra,blog_content/batches/017-samsung-s21-s20-note/002-galaxy-s21-ultra.json
Samsung Galaxy Note 20 Ultra Review: The Last True Note Flagship,Samsung Galaxy Note 20 Ultra,samsung-galaxy-note-20-ultra,blog_content/batches/017-samsung-s21-s20-note/003-galaxy-note-20-ultra.json
"Samsung Galaxy S20 Ultra Review: The First 100x Zoom Phone, Still Impressive",Samsung Galaxy S20 Ultra,samsung-galaxy-s20-ultra,blog_content/batches/017-samsung-s21-s20-note/004-galaxy-s20-ultra.json
Samsung Galaxy Z Flip 3 Review: The Foldable That Made Folding Mainstream,Samsung Galaxy Z Flip 3,samsung-galaxy-z-flip-3,blog_content/batches/017-samsung-s21-s20-note/005-galaxy-z-flip-3.json
"Samsung Galaxy S10 Review: The 10th Anniversary Flagship, Still Around in 2026",Samsung Galaxy S10+,samsung-galaxy-s10,blog_content/batches/018-samsung-s10-note/001-galaxy-s10.json
Samsung Galaxy S10+ Review: The Premium Flagship with Dual Selfie Cameras,Samsung Galaxy S10+,samsung-galaxy-s10-plus,blog_content/batches/018-samsung-s10-note/002-galaxy-s10-plus.json
"Samsung Galaxy S10e Review: The Compact Fan Favourite, Still Going",Samsung Galaxy S10e,samsung-galaxy-s10e,blog_content/batches/018-samsung-s10-note/003-galaxy-s10e.json
"Samsung Galaxy Note 10+ Review: The S Pen Productivity Flagship, Revisited",Samsung Galaxy Note 10+,samsung-galaxy-note-10-plus,blog_content/batches/018-samsung-s10-note/004-galaxy-note-10-plus.json
Samsung Galaxy Note 10 Review: The Compact S Pen Experience,Samsung Galaxy Note 10,samsung-galaxy-note-10,blog_content/batches/018-samsung-s10-note/005-galaxy-note-10.json
Samsung Galaxy A05 Review: The Most Affordable Entry into the Galaxy Ecosystem,Samsung Galaxy A05,samsung-galaxy-a05,blog_content/batches/019-samsung-galaxy-a-1/001-galaxy-a05.json
Samsung Galaxy A07 Review: Solid Entry-Level Smartphone for Everyday Use,Samsung Galaxy A07,samsung-galaxy-a07,blog_content/batches/019-samsung-galaxy-a-1/002-galaxy-a07.json
Samsung Galaxy A12 Review: The Budget Phone with a 48MP Camera,Samsung Galaxy A12,samsung-galaxy-a12,blog_content/batches/019-samsung-galaxy-a-1/003-galaxy-a12.json
Samsung Galaxy A13 Review: 50MP Camera on a Budget,Samsung Galaxy A13,samsung-galaxy-a13,blog_content/batches/019-samsung-galaxy-a-1/004-galaxy-a13.json
Samsung Galaxy A14 Review: 5G on a Budget with a 50MP Camera,Samsung Galaxy A14,samsung-galaxy-a14,blog_content/batches/019-samsung-galaxy-a-1/005-galaxy-a14.json
Samsung Galaxy A15 Review: Super AMOLED Meets Budget Pricing,Samsung Galaxy A15,samsung-galaxy-a15,blog_content/batches/020-samsung-galaxy-a-2/001-galaxy-a15.json
Samsung Galaxy A16 Review: The Modern Budget All-Rounder,Samsung Galaxy A16,samsung-galaxy-a16,blog_content/batches/020-samsung-galaxy-a-2/002-galaxy-a16.json
Samsung Galaxy A17 Review: Refined Budget Phone with Super AMOLED Display,Samsung Galaxy A17,samsung-galaxy-a17,blog_content/batches/020-samsung-galaxy-a-2/003-galaxy-a17.json
Samsung Galaxy A20 Review: Samsung's Affordable Super AMOLED Pioneer,Samsung Galaxy A20,samsung-galaxy-a20,blog_content/batches/020-samsung-galaxy-a-2/004-galaxy-a20.json
Samsung Galaxy A21 Review: Quad Cameras on a Budget,Samsung Galaxy A21,samsung-galaxy-a21,blog_content/batches/020-samsung-galaxy-a-2/005-galaxy-a21.json
Samsung Galaxy A22 Review: 90Hz AMOLED Meets OIS Camera at a Steal,Samsung Galaxy A22,samsung-galaxy-a22,blog_content/batches/021-samsung-galaxy-a-3/001-galaxy-a22.json
Samsung Galaxy A23 Review: 50MP Camera and 120Hz Display on a Budget,Samsung Galaxy A23,samsung-galaxy-a23,blog_content/batches/021-samsung-galaxy-a-3/002-galaxy-a23.json
"Samsung Galaxy A24 Review: Super AMOLED and OIS, Now More Affordable",Samsung Galaxy A24,samsung-galaxy-a24,blog_content/batches/021-samsung-galaxy-a-3/003-galaxy-a24.json
Samsung Galaxy A25 Review: Exynos 1280 Brings Flagship-Like Performance to Budget,Samsung Galaxy A25,samsung-galaxy-a25,blog_content/batches/021-samsung-galaxy-a-3/004-galaxy-a25.json
Samsung Galaxy A26 Review: Premium Features Meet Mid-Range Pricing,Samsung Galaxy A26,samsung-galaxy-a26,blog_content/batches/021-samsung-galaxy-a-3/005-galaxy-a26.json
"Samsung Galaxy A30 Review: Super AMOLED on a Budget, Ahead of Its Time",Samsung Galaxy A30,samsung-galaxy-a30,blog_content/batches/022-samsung-galaxy-a-4/001-galaxy-a30.json
Samsung Galaxy A31 Review: Quad Camera and AMOLED at an Unbeatable Price,Samsung Galaxy A31,samsung-galaxy-a31,blog_content/batches/022-samsung-galaxy-a-4/002-galaxy-a31.json
Samsung Galaxy A32 Review: 90Hz AMOLED and 64MP Camera on a Budget,Samsung Galaxy A32,samsung-galaxy-a32,blog_content/batches/022-samsung-galaxy-a-4/003-galaxy-a32.json
Samsung Galaxy A33 Review: IP67 Water Resistance Meets Super AMOLED,Samsung Galaxy A33,samsung-galaxy-a33,blog_content/batches/022-samsung-galaxy-a-4/004-galaxy-a33.json
Samsung Galaxy A34 Review: Super AMOLED 120Hz and IP67 at a Great Price,Samsung Galaxy A34,samsung-galaxy-a34,blog_content/batches/022-samsung-galaxy-a-4/005-galaxy-a34.json
Samsung Galaxy A35 Review: Flagship Features in a Mid-Range Body,Samsung Galaxy A35,samsung-galaxy-a35,blog_content/batches/023-samsung-galaxy-a-5/001-galaxy-a35.json
Samsung Galaxy A36 Review: Raising the Bar for Mid-Range Phones,Samsung Galaxy A36,samsung-galaxy-a36,blog_content/batches/023-samsung-galaxy-a-5/002-galaxy-a36.json
Samsung Galaxy A37 Review: Compact Mid-Range with Big Features,Samsung Galaxy A37,samsung-galaxy-a37,blog_content/batches/023-samsung-galaxy-a-5/003-galaxy-a37.json
Samsung Galaxy A40 Review: Compact AMOLED at an Entry Price,Samsung Galaxy A40,samsung-galaxy-a40,blog_content/batches/023-samsung-galaxy-a-5/004-galaxy-a40.json
Samsung Galaxy A41 Review: Compact Phone with a 48MP Camera,Samsung Galaxy A41,samsung-galaxy-a41,blog_content/batches/023-samsung-galaxy-a-5/005-galaxy-a41.json
Samsung Galaxy A50 Review: The Phone That Redefined the Mid-Range,Samsung Galaxy A50,samsung-galaxy-a50,blog_content/batches/024-samsung-galaxy-a-6/001-galaxy-a50.json
Samsung Galaxy A51 Review: The Best-Selling Android Phone of 2020,Samsung Galaxy A51,samsung-galaxy-a51,blog_content/batches/024-samsung-galaxy-a-6/002-galaxy-a51.json
Samsung Galaxy A52 Review: IP67 Meets Super AMOLED 90Hz,Samsung Galaxy A52,samsung-galaxy-a52,blog_content/batches/024-samsung-galaxy-a-6/003-galaxy-a52.json
"Samsung Galaxy A53 Review: Exynos 1280 and IP67, Refined and Ready",Samsung Galaxy A53,samsung-galaxy-a53,blog_content/batches/024-samsung-galaxy-a-6/004-galaxy-a53.json
Samsung Galaxy A55 Review: Premium Build Meets Powerful Exynos Performance,Samsung Galaxy A55,samsung-galaxy-a55,blog_content/batches/024-samsung-galaxy-a-6/005-galaxy-a55.json
Samsung Galaxy A56 Review: The Mid-Range Perfected with 45W Charging,Samsung Galaxy A56,samsung-galaxy-a56,blog_content/batches/025-samsung-galaxy-a-m/001-galaxy-a56.json
Samsung Galaxy A57 Review: The Premium Mid-Range Experience,Samsung Galaxy A57,samsung-galaxy-a57,blog_content/batches/025-samsung-galaxy-a-m/002-galaxy-a57.json
"Samsung Galaxy A70 Review: Big Display, Big Battery, Big Value",Samsung Galaxy A70,samsung-galaxy-a70,blog_content/batches/025-samsung-galaxy-a-m/003-galaxy-a70.json
Samsung Galaxy A71 Review: The Mid-Range King with 64MP Camera,Samsung Galaxy A71,samsung-galaxy-a71,blog_content/batches/025-samsung-galaxy-a-m/004-galaxy-a71.json
Samsung Galaxy M10 Review: Samsung's Budget Entry Point with Massive Battery,Galaxy M10,samsung-galaxy-m10,blog_content/batches/025-samsung-galaxy-a-m/005-galaxy-m10.json
"Samsung Galaxy M12 Review: 6,000mAh Battery Champion",Galaxy M12,samsung-galaxy-m12,blog_content/batches/025-samsung-galaxy-a-m/006-galaxy-m12.json
Samsung Galaxy M13 Review: 50MP Camera with Massive Battery,Galaxy M13,samsung-galaxy-m13,blog_content/batches/026-samsung-galaxy-m-1/001-galaxy-m13.json
"Samsung Galaxy M14 Review: 5G Connectivity and 6,000mAh Battery",Galaxy M14,samsung-galaxy-m14,blog_content/batches/026-samsung-galaxy-m-1/002-galaxy-m14.json
Samsung Galaxy M20 Review: The Phone That Started Samsung's Battery Revolution,Galaxy M20,samsung-galaxy-m20,blog_content/batches/026-samsung-galaxy-m-1/003-galaxy-m20.json
"Samsung Galaxy M21 Review: Super AMOLED Meets 6,000mAh Battery",Galaxy M21,samsung-galaxy-m21,blog_content/batches/026-samsung-galaxy-m-1/004-galaxy-m21.json
Samsung Galaxy M22 Review: 90Hz AMOLED and 48MP OIS Camera,Galaxy M22,samsung-galaxy-m22,blog_content/batches/026-samsung-galaxy-m-1/005-galaxy-m22.json
Samsung Galaxy M23 5G Review: Affordable 5G with a 50MP Camera,Galaxy M23 5G,samsung-galaxy-m23-5g,blog_content/batches/027-samsung-galaxy-m-2/001-galaxy-m23-5g.json
"Samsung Galaxy M30s Review: 6,000mAh Battery and 48MP Camera",Galaxy M30s,samsung-galaxy-m30s,blog_content/batches/027-samsung-galaxy-m-2/002-galaxy-m30s.json
Samsung Galaxy M31 Review: 64MP Camera with Massive Battery,Galaxy M31,samsung-galaxy-m31,blog_content/batches/027-samsung-galaxy-m-2/003-galaxy-m31.json
Samsung Galaxy M32 Review: 90Hz Super AMOLED with a Massive Battery,Galaxy M32,samsung-galaxy-m32,blog_content/batches/027-samsung-galaxy-m-2/004-galaxy-m32.json
Samsung Galaxy M33 5G Review: 5G Speed with 120Hz Display,Galaxy M33 5G,samsung-galaxy-m33-5g,blog_content/batches/027-samsung-galaxy-m-2/005-galaxy-m33-5g.json
Samsung Galaxy M40 Review: Infinity-O Display on a Budget,Galaxy M40,samsung-galaxy-m40,blog_content/batches/028-samsung-galaxy-m-3/001-galaxy-m40.json
"Samsung Galaxy M51 Review: The Ultimate Battery Phone with 7,000mAh",Galaxy M51,samsung-galaxy-m51,blog_content/batches/028-samsung-galaxy-m-3/002-galaxy-m51.json
"Samsung Galaxy M52 Review: Slim Design, 120Hz Display, 5G Connectivity",Galaxy M52,samsung-galaxy-m52,blog_content/batches/028-samsung-galaxy-m-3/003-galaxy-m52.json
Samsung Galaxy M53 Review: 108MP Camera and 120Hz Super AMOLED,Galaxy M53,samsung-galaxy-m53,blog_content/batches/028-samsung-galaxy-m-3/004-galaxy-m53.json
Samsung Galaxy M54 Review: Samsung's Best Budget Phone Yet,Galaxy M54,samsung-galaxy-m54,blog_content/batches/028-samsung-galaxy-m-3/005-galaxy-m54.json
Samsung Galaxy S23 Review: Compact Camera King at a Great Price,Galaxy S23,samsung-galaxy-s23,blog_content/batches/029-remaining-samsung-google/001-galaxy-s23.json
Samsung Galaxy S24+ Review: AI Intelligence Meets a Big Display,Galaxy S24+,samsung-galaxy-s24-plus,blog_content/batches/029-remaining-samsung-google/002-galaxy-s24-plus.json
"Samsung Galaxy S25+ Review: One UI 7, Snapdragon Elite, and AI Everywhere",Galaxy S25+,samsung-galaxy-s25-plus,blog_content/batches/029-remaining-samsung-google/003-galaxy-s25-plus.json
Samsung Galaxy S26+ Review: The Future of Flagship Smartphones,Galaxy S26+,samsung-galaxy-s26-plus,blog_content/batches/029-remaining-samsung-google/004-galaxy-s26-plus.json
Samsung Galaxy Z Fold 5 Review: The Crease-Free Foldable That Perfected the Formula,Samsung Galaxy Fold 5,samsung-galaxy-z-fold-5,blog_content/batches/029-remaining-samsung-google/005-galaxy-z-fold-5.json
Samsung Galaxy Note 20 Review: S Pen Productivity at a Lower Entry Point,Samsung Galaxy Note 20,samsung-galaxy-note-20,blog_content/batches/030-samsung-remaining-1/001-galaxy-note-20.json
"Samsung Galaxy S10 Review: The 10th Anniversary Flagship, Still a Classic",Samsung Galaxy S10,samsung-galaxy-s10,blog_content/batches/030-samsung-remaining-1/002-galaxy-s10.json
"Samsung Galaxy S10 Lite Review: Flagship Features, Lower Price",Samsung Galaxy S10 lite,samsung-galaxy-s10-lite,blog_content/batches/030-samsung-remaining-1/003-galaxy-s10-lite.json
Samsung Galaxy S20 Review: The Phone That Pioneered 120Hz Displays,Samsung Galaxy S20,samsung-galaxy-s20,blog_content/batches/030-samsung-remaining-1/004-galaxy-s20.json
Samsung Galaxy S20+ Review: The Big-Screen 120Hz Flagship That Had It All,Samsung Galaxy S20+,samsung-galaxy-s20-plus,blog_content/batches/030-samsung-remaining-1/005-galaxy-s20-plus.json
"Samsung Galaxy S21+ Review: Big Screen, Pro Camera, Great Value",Samsung Galaxy S21+,samsung-galaxy-s21-plus,blog_content/batches/031-samsung-remaining-2/001-galaxy-s21-plus.json
"Samsung Galaxy S21 FE Review: Fan Edition Value, Last-Gen Flagship Soul",Samsung Galaxy S21FE,samsung-galaxy-s21-fe,blog_content/batches/031-samsung-remaining-2/002-galaxy-s21-fe.json
Samsung Galaxy S22 Ultra Review: The Note Legacy Reborn,Samsung Galaxy S22 Ultra,samsung-galaxy-s22-ultra,blog_content/batches/031-samsung-remaining-2/003-galaxy-s22-ultra.json
"Samsung Galaxy S22+ Review: Bigger Battery, Bigger Display, Better Value",Samsung Galaxy S22+,samsung-galaxy-s22-plus,blog_content/batches/031-samsung-remaining-2/004-galaxy-s22-plus.json
Apple AirPods Pro 3 Review: The Best Wireless Earbuds Get Even Better,Airpod Pro 3,apple-airpods-pro-3,blog_content/batches/031-samsung-remaining-2/005-airpods-pro-3.json
Google Pixel 8 Review: Pure Android with AI-Powered Photography,Pixel 8,google-pixel-8,blog_content/batches/032-misc-brands/001-google-pixel-8.json
OnePlus 9 5G Review: Hasselblad Cameras Meet OnePlus Speed,OnePlus 9 5G,oneplus-9-5g,blog_content/batches/032-misc-brands/002-oneplus-9-5g.json
Phone Earphones Review: Reliable Wired Audio for Everyday Use,Earphones,phone-earphones,blog_content/batches/032-misc-brands/003-earphones.json
"Laptop Stand Review: Better Ergonomics, Better Productivity",Laptop Stand,laptop-stand,blog_content/batches/032-misc-brands/004-laptop-stand.json
Octobuddy Review: The Universal Phone Grip and Stand,Octobuddy,octobuddy,blog_content/batches/032-misc-brands/005-octobuddy.json
Powerbank Review: Never Run Out of Battery Again,Powerbank,powerbank,blog_content/batches/032-misc-brands/006-powerbank.json
"AirPods 4 Review: Performance, Battery, and Value in Kenya",AirPods 4,airpods-4,blog_content/batches/033-product-spotlights-1/001-airpods-4.json
AirPods Max (USB-C): Best Price on This Apple Accessory in Kenya,AirPods Max (USB-C),airpods-max-usb-c,blog_content/batches/033-product-spotlights-1/002-airpods-max-usb-c.json
AirPods Pro 2 Review: Affordable Apple Accessory in Kenya,AirPods Pro 2,airpods-pro-2,blog_content/batches/033-product-spotlights-1/003-airpods-pro-2.json
Apple Magic Mouse Review: Affordable Apple Accessory in Kenya,Apple Magic Mouse,apple-magic-mouse,blog_content/batches/033-product-spotlights-1/004-apple-magic-mouse.json
"Apple Watch SE 2 44mm Review: Performance, Battery, and Value in Kenya",Apple Watch SE 2 44mm,apple-watch-se-2-44mm,blog_content/batches/033-product-spotlights-1/005-apple-watch-se-2-44mm.json
Apple Watch SE 3 40mm Review: Affordable Apple Accessory in Kenya,Apple Watch SE 3 40mm,apple-watch-se-3-40mm,blog_content/batches/033-product-spotlights-1/006-apple-watch-se-3-40mm.json
"Apple Watch SE 3 44mm Review: Affordable Price, Great Value in Kenya",Apple Watch SE 3 44mm,apple-watch-se-3-44mm,blog_content/batches/033-product-spotlights-1/007-apple-watch-se-3-44mm.json
"Apple Watch Series 10 46mm Review: Affordable Price, Great Value in Kenya",Apple Watch Series 10 46mm,apple-watch-series-10-46mm,blog_content/batches/033-product-spotlights-1/008-apple-watch-series-10-46mm.json
"Apple Watch Series 11 42mm Review: Affordable Price, Great Value in Kenya",Apple Watch Series 11 42mm,apple-watch-series-11-42mm,blog_content/batches/033-product-spotlights-1/009-apple-watch-series-11-42mm.json
Apple Watch Series 11 46mm: Best Price on This Apple Accessory in Kenya,Apple Watch Series 11 46mm,apple-watch-series-11-46mm,blog_content/batches/033-product-spotlights-1/010-apple-watch-series-11-46mm.json
Apple Watch Ultra 3 (2025) 49mm Review: Affordable Apple Accessory in Kenya,Apple Watch Ultra 3 (2025) 49mm,apple-watch-ultra-3-2025-49mm,blog_content/batches/033-product-spotlights-1/011-apple-watch-ultra-3-2025-49mm.json
"MacBook Air M1 13 inch 256GB 8GB RAM Review: Performance, Battery, and Value in Kenya",MacBook Air M1 13 inch 256GB 8GB RAM,macbook-air-m1-13-inch-256gb-8gb-ram,blog_content/batches/033-product-spotlights-1/012-macbook-air-m1-13-inch-256gb-8gb-ram.json
MacBook Air M2 13 inch 256GB 16GB RAM Review: Affordable Apple Laptop / Computer in Kenya,MacBook Air M2 13 inch 256GB 16GB RAM,macbook-air-m2-13-inch-256gb-16gb-ram,blog_content/batches/033-product-spotlights-1/013-macbook-air-m2-13-inch-256gb-16gb-ram.json
MacBook Air M3 13 inch 512GB 16GB RAM: Best Price on This Apple Laptop / Computer in Kenya,MacBook Air M3 13 inch 512GB 16GB RAM,macbook-air-m3-13-inch-512gb-16gb-ram,blog_content/batches/033-product-spotlights-1/014-macbook-air-m3-13-inch-512gb-16gb-ram.json
"MacBook Air M4 13 inch 256GB 16GB RAM Review: Performance, Battery, and Value in Kenya",MacBook Air M4 13 inch 256GB 16GB RAM,macbook-air-m4-13-inch-256gb-16gb-ram,blog_content/batches/033-product-spotlights-1/015-macbook-air-m4-13-inch-256gb-16gb-ram.json
"MacBook Air M5 13 inch 512GB 16GB RAM Review: Performance, Battery, and Value in Kenya",MacBook Air M5 13 inch 512GB 16GB RAM,macbook-air-m5-13-inch-512gb-16gb-ram,blog_content/batches/033-product-spotlights-1/016-macbook-air-m5-13-inch-512gb-16gb-ram.json
"MacBook Pro M4 14.2 inch 512GB 16GB RAM Review: Affordable Price, Great Value in Kenya",MacBook Pro M4 14.2 inch 512GB 16GB RAM,macbook-pro-m4-142-inch-512gb-16gb-ram,blog_content/batches/033-product-spotlights-1/017-macbook-pro-m4-142-inch-512gb-16gb-ram.json
MacBook Pro M5 14.2 inch 512GB 16GB RAM Review: Affordable Apple Laptop / Computer in Kenya,MacBook Pro M5 14.2 inch 512GB 16GB RAM,macbook-pro-m5-142-inch-512gb-16gb-ram,blog_content/batches/033-product-spotlights-1/018-macbook-pro-m5-142-inch-512gb-16gb-ram.json
"iMac M1 24 inch 256GB 8GB RAM Review: Affordable Price, Great Value in Kenya",iMac M1 24 inch 256GB 8GB RAM,imac-m1-24-inch-256gb-8gb-ram,blog_content/batches/033-product-spotlights-1/019-imac-m1-24-inch-256gb-8gb-ram.json
"iPad 10th gen 64GB Cellular Review: Affordable Price, Great Value in Kenya",iPad 10th gen 64GB Cellular,ipad-10th-gen-64gb-cellular,blog_content/batches/033-product-spotlights-1/020-ipad-10th-gen-64gb-cellular.json
"iPad 11th gen 128GB Cellular Review: Affordable Price, Great Value in Kenya",iPad 11th gen 128GB Cellular,ipad-11th-gen-128gb-cellular,blog_content/batches/033-product-spotlights-1/021-ipad-11th-gen-128gb-cellular.json
"iPad 11th gen 256GB Cellular Review: Affordable Price, Great Value in Kenya",iPad 11th gen 256GB Cellular,ipad-11th-gen-256gb-cellular,blog_content/batches/033-product-spotlights-1/022-ipad-11th-gen-256gb-cellular.json
iPad 11th gen 256GB WiFi: Best Price on This Apple Tablet in Kenya,iPad 11th gen 256GB WiFi,ipad-11th-gen-256gb-wifi,blog_content/batches/033-product-spotlights-1/023-ipad-11th-gen-256gb-wifi.json
"iPad Air M3 128GB Cellular Review: Performance, Battery, and Value in Kenya",iPad Air M3 128GB Cellular,ipad-air-m3-128gb-cellular,blog_content/batches/033-product-spotlights-1/024-ipad-air-m3-128gb-cellular.json
Is the iPad Air M3 128GB WiFi the Right Affordable Tablet for You in Kenya?,iPad Air M3 128GB WiFi,ipad-air-m3-128gb-wifi,blog_content/batches/033-product-spotlights-1/025-ipad-air-m3-128gb-wifi.json
"iPad Air M3 256GB Cellular Review: Performance, Battery, and Value in Kenya",iPad Air M3 256GB Cellular,ipad-air-m3-256gb-cellular,blog_content/batches/033-product-spotlights-1/026-ipad-air-m3-256gb-cellular.json
iPad Pro M4 11 inch 256GB Cellular: Best Price on This Apple Tablet in Kenya,iPad Pro M4 11 inch 256GB Cellular,ipad-pro-m4-11-inch-256gb-cellular,blog_content/batches/033-product-spotlights-1/027-ipad-pro-m4-11-inch-256gb-cellular.json
"iPad Pro M4 11 inch 256GB WiFi Review: Performance, Battery, and Value in Kenya",iPad Pro M4 11 inch 256GB WiFi,ipad-pro-m4-11-inch-256gb-wifi,blog_content/batches/033-product-spotlights-1/028-ipad-pro-m4-11-inch-256gb-wifi.json
iPad Pro M4 13 inch 256GB Cellular Review: Affordable Apple Tablet in Kenya,iPad Pro M4 13 inch 256GB Cellular,ipad-pro-m4-13-inch-256gb-cellular,blog_content/batches/033-product-spotlights-1/029-ipad-pro-m4-13-inch-256gb-cellular.json
iPad Pro M5 11 inch 256GB Cellular: Best Price on This Apple Tablet in Kenya,iPad Pro M5 11 inch 256GB Cellular,ipad-pro-m5-11-inch-256gb-cellular,blog_content/batches/033-product-spotlights-1/030-ipad-pro-m5-11-inch-256gb-cellular.json
"iPad Pro M5 13 inch 256GB Cellular Review: Affordable Price, Great Value in Kenya",iPad Pro M5 13 inch 256GB Cellular,ipad-pro-m5-13-inch-256gb-cellular,blog_content/batches/033-product-spotlights-1/031-ipad-pro-m5-13-inch-256gb-cellular.json
iPad mini 7 128GB WiFi: Best Price on This Apple Tablet in Kenya,iPad mini 7 128GB WiFi,ipad-mini-7-128gb-wifi,blog_content/batches/033-product-spotlights-1/032-ipad-mini-7-128gb-wifi.json
Is the iPhone 12 Pro Max the Right Affordable Phone for You in Kenya?,iPhone 12 Pro Max,iphone-12-pro-max,blog_content/batches/033-product-spotlights-1/033-iphone-12-pro-max.json
iPhone 14 128GB SIM (Dubai): Best Price on Apple's Latest Phone in Kenya,iPhone 14 128GB SIM (Dubai),iphone-14-128gb-sim-dubai,blog_content/batches/033-product-spotlights-1/034-iphone-14-128gb-sim-dubai.json
"iPhone 14 256GB SIM (Dubai) Review: Performance, Battery, and Value in Kenya",iPhone 14 256GB SIM (Dubai),iphone-14-256gb-sim-dubai,blog_content/batches/033-product-spotlights-1/035-iphone-14-256gb-sim-dubai.json
"iPhone 15 128GB SIM (Dubai) Review: Affordable Price, Solid Performance in Kenya",iPhone 15 128GB SIM (Dubai),iphone-15-128gb-sim-dubai,blog_content/batches/033-product-spotlights-1/036-iphone-15-128gb-sim-dubai.json
"iPhone 15 256GB SIM (Dubai) Review: Performance, Battery, and Value in Kenya",iPhone 15 256GB SIM (Dubai),iphone-15-256gb-sim-dubai,blog_content/batches/033-product-spotlights-1/037-iphone-15-256gb-sim-dubai.json
iPhone 15 Plus 256GB SIM (Dubai) Review: Affordable Apple Phone in Kenya,iPhone 15 Plus 256GB SIM (Dubai),iphone-15-plus-256gb-sim-dubai,blog_content/batches/033-product-spotlights-1/038-iphone-15-plus-256gb-sim-dubai.json
iPhone 15 Pro Max 256GB SIM (Dubai) Review: Affordable Apple Phone in Kenya,iPhone 15 Pro Max 256GB SIM (Dubai),iphone-15-pro-max-256gb-sim-dubai,blog_content/batches/033-product-spotlights-1/039-iphone-15-pro-max-256gb-sim-dubai.json
"iPhone 16 128GB E-SIM (Dubai) Review: Affordable Price, Solid Performance in Kenya",iPhone 16 128GB E-SIM (Dubai),iphone-16-128gb-e-sim-dubai,blog_content/batches/033-product-spotlights-1/040-iphone-16-128gb-e-sim-dubai.json
iPhone 16 128GB SIM (Dubai) Review: Affordable Apple Phone in Kenya,iPhone 16 128GB SIM (Dubai),iphone-16-128gb-sim-dubai,blog_content/batches/034-product-spotlights-2/041-iphone-16-128gb-sim-dubai.json
"iPhone 16 128GB SIM (Official) Review: Performance, Battery, and Value in Kenya",iPhone 16 128GB SIM (Official),iphone-16-128gb-sim-official,blog_content/batches/034-product-spotlights-2/042-iphone-16-128gb-sim-official.json
Is the iPhone 16 256GB SIM (Dubai) the Right Affordable Phone for You in Kenya?,iPhone 16 256GB SIM (Dubai),iphone-16-256gb-sim-dubai,blog_content/batches/034-product-spotlights-2/043-iphone-16-256gb-sim-dubai.json
iPhone 16 Plus 128GB SIM (Dubai) Review: Affordable Apple Phone in Kenya,iPhone 16 Plus 128GB SIM (Dubai),iphone-16-plus-128gb-sim-dubai,blog_content/batches/034-product-spotlights-2/044-iphone-16-plus-128gb-sim-dubai.json
iPhone 16 Plus 128GB SIM (Official) Review: Affordable Apple Phone in Kenya,iPhone 16 Plus 128GB SIM (Official),iphone-16-plus-128gb-sim-official,blog_content/batches/034-product-spotlights-2/045-iphone-16-plus-128gb-sim-official.json
iPhone 16 Plus 256GB SIM (Dubai): Best Price on Apple's Latest Phone in Kenya,iPhone 16 Plus 256GB SIM (Dubai),iphone-16-plus-256gb-sim-dubai,blog_content/batches/034-product-spotlights-2/046-iphone-16-plus-256gb-sim-dubai.json
Is the iPhone 16 Pro 128GB SIM (Dubai) the Right Affordable Phone for You in Kenya?,iPhone 16 Pro 128GB SIM (Dubai),iphone-16-pro-128gb-sim-dubai,blog_content/batches/034-product-spotlights-2/047-iphone-16-pro-128gb-sim-dubai.json
"iPhone 16 Pro 256GB E-SIM (Dubai) Review: Performance, Battery, and Value in Kenya",iPhone 16 Pro 256GB E-SIM (Dubai),iphone-16-pro-256gb-e-sim-dubai,blog_content/batches/034-product-spotlights-2/048-iphone-16-pro-256gb-e-sim-dubai.json
Is the iPhone 16 Pro Max 256GB SIM Black (Dubai) the Right Affordable Phone for You in Kenya?,iPhone 16 Pro Max 256GB SIM Black (Dubai),iphone-16-pro-max-256gb-sim-black-dubai,blog_content/batches/034-product-spotlights-2/049-iphone-16-pro-max-256gb-sim-black-dubai.json
Is the iPhone 16 Pro Max 256GB SIM Desert (Dubai) the Right Affordable Phone for You in Kenya?,iPhone 16 Pro Max 256GB SIM Desert (Dubai),iphone-16-pro-max-256gb-sim-desert-dubai,blog_content/batches/034-product-spotlights-2/050-iphone-16-pro-max-256gb-sim-desert-dubai.json
"iPhone 16 Pro Max 512GB SIM (Dubai) Review: Performance, Battery, and Value in Kenya",iPhone 16 Pro Max 512GB SIM (Dubai),iphone-16-pro-max-512gb-sim-dubai,blog_content/batches/034-product-spotlights-2/051-iphone-16-pro-max-512gb-sim-dubai.json
"iPhone 16E 128GB SIM (Dubai) Review: Affordable Price, Solid Performance in Kenya",iPhone 16E 128GB SIM (Dubai),iphone-16e-128gb-sim-dubai,blog_content/batches/034-product-spotlights-2/052-iphone-16e-128gb-sim-dubai.json
"iPhone 16E 256GB SIM (Dubai) Review: Affordable Price, Solid Performance in Kenya",iPhone 16E 256GB SIM (Dubai),iphone-16e-256gb-sim-dubai,blog_content/batches/034-product-spotlights-2/053-iphone-16e-256gb-sim-dubai.json
"iPhone 17 256GB E-SIM (Dubai) Review: Affordable Price, Solid Performance in Kenya",iPhone 17 256GB E-SIM (Dubai),iphone-17-256gb-e-sim-dubai,blog_content/batches/034-product-spotlights-2/054-iphone-17-256gb-e-sim-dubai.json
Is the iPhone 17 256GB SIM (Dubai) the Right Affordable Phone for You in Kenya?,iPhone 17 256GB SIM (Dubai),iphone-17-256gb-sim-dubai,blog_content/batches/034-product-spotlights-2/055-iphone-17-256gb-sim-dubai.json
iPhone 17 256GB SIM (Official) Review: Affordable Apple Phone in Kenya,iPhone 17 256GB SIM (Official),iphone-17-256gb-sim-official,blog_content/batches/034-product-spotlights-2/056-iphone-17-256gb-sim-official.json
iPhone 17 512GB E-SIM (Dubai): Best Price on Apple's Latest Phone in Kenya,iPhone 17 512GB E-SIM (Dubai),iphone-17-512gb-e-sim-dubai,blog_content/batches/034-product-spotlights-2/057-iphone-17-512gb-e-sim-dubai.json
Is the iPhone 17 512GB SIM (Dubai) the Right Affordable Phone for You in Kenya?,iPhone 17 512GB SIM (Dubai),iphone-17-512gb-sim-dubai,blog_content/batches/034-product-spotlights-2/058-iphone-17-512gb-sim-dubai.json
Is the iPhone 17 Air 256GB E-SIM (Dubai) the Right Affordable Phone for You in Kenya?,iPhone 17 Air 256GB E-SIM (Dubai),iphone-17-air-256gb-e-sim-dubai,blog_content/batches/034-product-spotlights-2/059-iphone-17-air-256gb-e-sim-dubai.json
"iPhone 17 Air 256GB E-SIM White/Gold (Dubai) Review: Performance, Battery, and Value in Kenya",iPhone 17 Air 256GB E-SIM White/Gold (Dubai),iphone-17-air-256gb-e-sim-whitegold-dubai,blog_content/batches/034-product-spotlights-2/060-iphone-17-air-256gb-e-sim-whitegold-dubai.json
iPhone 17 Pro 1TB E-SIM (Dubai) Review: Affordable Apple Phone in Kenya,iPhone 17 Pro 1TB E-SIM (Dubai),iphone-17-pro-1tb-e-sim-dubai,blog_content/batches/034-product-spotlights-2/061-iphone-17-pro-1tb-e-sim-dubai.json
"iPhone 17 Pro 1TB SIM (Dubai) Review: Affordable Price, Solid Performance in Kenya",iPhone 17 Pro 1TB SIM (Dubai),iphone-17-pro-1tb-sim-dubai,blog_content/batches/034-product-spotlights-2/062-iphone-17-pro-1tb-sim-dubai.json
"iPhone 17 Pro 256GB E-SIM (Dubai) Review: Performance, Battery, and Value in Kenya",iPhone 17 Pro 256GB E-SIM (Dubai),iphone-17-pro-256gb-e-sim-dubai,blog_content/batches/034-product-spotlights-2/063-iphone-17-pro-256gb-e-sim-dubai.json
"iPhone 17 Pro 256GB SIM (Dubai) Review: Affordable Price, Solid Performance in Kenya",iPhone 17 Pro 256GB SIM (Dubai),iphone-17-pro-256gb-sim-dubai,blog_content/batches/034-product-spotlights-2/064-iphone-17-pro-256gb-sim-dubai.json
"iPhone 17 Pro 256GB SIM Silver (Dubai) Review: Performance, Battery, and Value in Kenya",iPhone 17 Pro 256GB SIM Silver (Dubai),iphone-17-pro-256gb-sim-silver-dubai,blog_content/batches/034-product-spotlights-2/065-iphone-17-pro-256gb-sim-silver-dubai.json
iPhone 17 Pro 512GB E-SIM Orange/Blue (Dubai) Review: Affordable Apple Phone in Kenya,iPhone 17 Pro 512GB E-SIM Orange/Blue (Dubai),iphone-17-pro-512gb-e-sim-orangeblue-dubai,blog_content/batches/034-product-spotlights-2/066-iphone-17-pro-512gb-e-sim-orangeblue-dubai.json
iPhone 17 Pro 512GB E-SIM Silver (Dubai): Best Price on Apple's Latest Phone in Kenya,iPhone 17 Pro 512GB E-SIM Silver (Dubai),iphone-17-pro-512gb-e-sim-silver-dubai,blog_content/batches/034-product-spotlights-2/067-iphone-17-pro-512gb-e-sim-silver-dubai.json
iPhone 17 Pro 512GB SIM (Dubai): Best Price on Apple's Latest Phone in Kenya,iPhone 17 Pro 512GB SIM (Dubai),iphone-17-pro-512gb-sim-dubai,blog_content/batches/034-product-spotlights-2/068-iphone-17-pro-512gb-sim-dubai.json
Is the iPhone 17 Pro Max 1TB E-SIM (Dubai) the Right Affordable Phone for You in Kenya?,iPhone 17 Pro Max 1TB E-SIM (Dubai),iphone-17-pro-max-1tb-e-sim-dubai,blog_content/batches/034-product-spotlights-2/069-iphone-17-pro-max-1tb-e-sim-dubai.json
"iPhone 17 Pro Max 1TB SIM (Dubai) Review: Affordable Price, Solid Performance in Kenya",iPhone 17 Pro Max 1TB SIM (Dubai),iphone-17-pro-max-1tb-sim-dubai,blog_content/batches/034-product-spotlights-2/070-iphone-17-pro-max-1tb-sim-dubai.json
Is the iPhone 17 Pro Max 256GB E-SIM Orange/Blue (Dubai) the Right Affordable Phone for You in Kenya?,iPhone 17 Pro Max 256GB E-SIM Orange/Blue (Dubai),iphone-17-pro-max-256gb-e-sim-orangeblue-dubai,blog_content/batches/034-product-spotlights-2/071-iphone-17-pro-max-256gb-e-sim-orangeblue-dubai.json
"iPhone 17 Pro Max 256GB E-SIM Silver (Dubai) Review: Performance, Battery, and Value in Kenya",iPhone 17 Pro Max 256GB E-SIM Silver (Dubai),iphone-17-pro-max-256gb-e-sim-silver-dubai,blog_content/batches/034-product-spotlights-2/072-iphone-17-pro-max-256gb-e-sim-silver-dubai.json
iPhone 17 Pro Max 256GB SIM (Official) Review: Affordable Apple Phone in Kenya,iPhone 17 Pro Max 256GB SIM (Official),iphone-17-pro-max-256gb-sim-official,blog_content/batches/034-product-spotlights-2/073-iphone-17-pro-max-256gb-sim-official.json
Is the iPhone 17 Pro Max 256GB SIM Blue/Orange (Dubai) the Right Affordable Phone for You in Kenya?,iPhone 17 Pro Max 256GB SIM Blue/Orange (Dubai),iphone-17-pro-max-256gb-sim-blueorange-dubai,blog_content/batches/034-product-spotlights-2/074-iphone-17-pro-max-256gb-sim-blueorange-dubai.json
iPhone 17 Pro Max 256GB SIM Silver (Dubai): Best Price on Apple's Latest Phone in Kenya,iPhone 17 Pro Max 256GB SIM Silver (Dubai),iphone-17-pro-max-256gb-sim-silver-dubai,blog_content/batches/034-product-spotlights-2/075-iphone-17-pro-max-256gb-sim-silver-dubai.json
iPhone 17 Pro Max 512GB E-SIM Orange/Blue (Dubai) Review: Affordable Apple Phone in Kenya,iPhone 17 Pro Max 512GB E-SIM Orange/Blue (Dubai),iphone-17-pro-max-512gb-e-sim-orangeblue-dubai,blog_content/batches/034-product-spotlights-2/076-iphone-17-pro-max-512gb-e-sim-orangeblue-dubai.json
iPhone 17 Pro Max 512GB E-SIM Silver (Dubai) Review: Affordable Apple Phone in Kenya,iPhone 17 Pro Max 512GB E-SIM Silver (Dubai),iphone-17-pro-max-512gb-e-sim-silver-dubai,blog_content/batches/034-product-spotlights-2/077-iphone-17-pro-max-512gb-e-sim-silver-dubai.json
"iPhone 17 Pro Max 512GB SIM (Dubai) Review: Affordable Price, Solid Performance in Kenya",iPhone 17 Pro Max 512GB SIM (Dubai),iphone-17-pro-max-512gb-sim-dubai,blog_content/batches/034-product-spotlights-2/078-iphone-17-pro-max-512gb-sim-dubai.json
"iPhone 17E 256GB SIM (Official) Review: Performance, Battery, and Value in Kenya",iPhone 17E 256GB SIM (Official),iphone-17e-256gb-sim-official,blog_content/batches/034-product-spotlights-2/079-iphone-17e-256gb-sim-official.json
"iPhone Pocket Review: Affordable Price, Great Value in Kenya",iPhone Pocket,iphone-pocket,blog_content/batches/034-product-spotlights-2/080-iphone-pocket.json
"Pixel 10 128GB 12GB RAM Review: Performance, Battery, and Value in Kenya",Pixel 10 128GB 12GB RAM,pixel-10-128gb-12gb-ram,blog_content/batches/035-product-spotlights-3/081-pixel-10-128gb-12gb-ram.json
Is the Pixel 10 Pro 256GB 12GB RAM the Right Affordable Phone for You in Kenya?,Pixel 10 Pro 256GB 12GB RAM,pixel-10-pro-256gb-12gb-ram,blog_content/batches/035-product-spotlights-3/082-pixel-10-pro-256gb-12gb-ram.json
"Pixel 10 Pro XL 256GB 12GB RAM Review: Affordable Price, Solid Performance in Kenya",Pixel 10 Pro XL 256GB 12GB RAM,pixel-10-pro-xl-256gb-12gb-ram,blog_content/batches/035-product-spotlights-3/083-pixel-10-pro-xl-256gb-12gb-ram.json
Is the Pixel 10 Pro XL 512GB 12GB RAM the Right Affordable Phone for You in Kenya?,Pixel 10 Pro XL 512GB 12GB RAM,pixel-10-pro-xl-512gb-12gb-ram,blog_content/batches/035-product-spotlights-3/084-pixel-10-pro-xl-512gb-12gb-ram.json
Pixel 8 256GB 8GB RAM Review: Affordable Google Phone in Kenya,Pixel 8 256GB 8GB RAM,pixel-8-256gb-8gb-ram,blog_content/batches/035-product-spotlights-3/085-pixel-8-256gb-8gb-ram.json
Is the Pixel 9 Pro XL 256GB 12GB RAM the Right Affordable Phone for You in Kenya?,Pixel 9 Pro XL 256GB 12GB RAM,pixel-9-pro-xl-256gb-12gb-ram,blog_content/batches/035-product-spotlights-3/086-pixel-9-pro-xl-256gb-12gb-ram.json
Is the Honor H400 512GB 12GB RAM the Right Affordable Phone for You in Kenya?,Honor H400 512GB 12GB RAM,honor-h400-512gb-12gb-ram,blog_content/batches/035-product-spotlights-3/087-honor-h400-512gb-12gb-ram.json
Is the Honor H400 Pro 512GB 12GB RAM the Right Affordable Phone for You in Kenya?,Honor H400 Pro 512GB 12GB RAM,honor-h400-pro-512gb-12gb-ram,blog_content/batches/035-product-spotlights-3/088-honor-h400-pro-512gb-12gb-ram.json
"Honor X6C 256GB 6GB RAM Review: Affordable Price, Solid Performance in Kenya",Honor X6C 256GB 6GB RAM,honor-x6c-256gb-6gb-ram,blog_content/batches/035-product-spotlights-3/089-honor-x6c-256gb-6gb-ram.json
Is the Honor X9D 256GB 8GB RAM the Right Affordable Phone for You in Kenya?,Honor X9D 256GB 8GB RAM,honor-x9d-256gb-8gb-ram,blog_content/batches/035-product-spotlights-3/090-honor-x9d-256gb-8gb-ram.json
"Nothing Phone 3 256GB 12GB RAM Review: Affordable Price, Solid Performance in Kenya",Nothing Phone 3 256GB 12GB RAM,nothing-phone-3-256gb-12gb-ram,blog_content/batches/035-product-spotlights-3/091-nothing-phone-3-256gb-12gb-ram.json
"Nothing Phone 3A 256GB 8GB RAM Review: Performance, Battery, and Value in Kenya",Nothing Phone 3A 256GB 8GB RAM,nothing-phone-3a-256gb-8gb-ram,blog_content/batches/035-product-spotlights-3/092-nothing-phone-3a-256gb-8gb-ram.json
Is the Nothing Phone 3A Pro 256GB 12GB RAM the Right Affordable Phone for You in Kenya?,Nothing Phone 3A Pro 256GB 12GB RAM,nothing-phone-3a-pro-256gb-12gb-ram,blog_content/batches/035-product-spotlights-3/093-nothing-phone-3a-pro-256gb-12gb-ram.json
Is the OnePlus 13 256GB 12GB RAM the Right Affordable Phone for You in Kenya?,OnePlus 13 256GB 12GB RAM,oneplus-13-256gb-12gb-ram,blog_content/batches/035-product-spotlights-3/094-oneplus-13-256gb-12gb-ram.json
OnePlus 13 512GB 16GB RAM: Best Price on OnePlus's Latest Phone in Kenya,OnePlus 13 512GB 16GB RAM,oneplus-13-512gb-16gb-ram,blog_content/batches/035-product-spotlights-3/095-oneplus-13-512gb-16gb-ram.json
Is the OnePlus 13s 256GB 12GB RAM the Right Affordable Phone for You in Kenya?,OnePlus 13s 256GB 12GB RAM,oneplus-13s-256gb-12gb-ram,blog_content/batches/035-product-spotlights-3/096-oneplus-13s-256gb-12gb-ram.json
OnePlus 15 512GB 12GB RAM Review: Affordable OnePlus Phone in Kenya,OnePlus 15 512GB 12GB RAM,oneplus-15-512gb-12gb-ram,blog_content/batches/035-product-spotlights-3/097-oneplus-15-512gb-12gb-ram.json
"OnePlus Nord CE 5 256GB 8GB RAM Review: Performance, Battery, and Value in Kenya",OnePlus Nord CE 5 256GB 8GB RAM,oneplus-nord-ce-5-256gb-8gb-ram,blog_content/batches/035-product-spotlights-3/098-oneplus-nord-ce-5-256gb-8gb-ram.json
Is the Samsung Galaxy A16 128GB 4GB RAM the Right Affordable Phone for You in Kenya?,Samsung Galaxy A16 128GB 4GB RAM,samsung-galaxy-a16-128gb-4gb-ram,blog_content/batches/035-product-spotlights-3/099-samsung-galaxy-a16-128gb-4gb-ram.json
Samsung Galaxy A16 256GB 8GB RAM: Best Price on Samsung's Latest Phone in Kenya,Samsung Galaxy A16 256GB 8GB RAM,samsung-galaxy-a16-256gb-8gb-ram,blog_content/batches/035-product-spotlights-3/100-samsung-galaxy-a16-256gb-8gb-ram.json
"Samsung Galaxy A26 128GB 6GB RAM Review: Performance, Battery, and Value in Kenya",Samsung Galaxy A26 128GB 6GB RAM,samsung-galaxy-a26-128gb-6gb-ram,blog_content/batches/035-product-spotlights-3/101-samsung-galaxy-a26-128gb-6gb-ram.json
"Samsung Galaxy A26 256GB 8GB RAM Review: Affordable Price, Solid Performance in Kenya",Samsung Galaxy A26 256GB 8GB RAM,samsung-galaxy-a26-256gb-8gb-ram,blog_content/batches/035-product-spotlights-3/102-samsung-galaxy-a26-256gb-8gb-ram.json
"Samsung Galaxy A36 256GB 12GB RAM Review: Performance, Battery, and Value in Kenya",Samsung Galaxy A36 256GB 12GB RAM,samsung-galaxy-a36-256gb-12gb-ram,blog_content/batches/035-product-spotlights-3/103-samsung-galaxy-a36-256gb-12gb-ram.json
"Samsung Galaxy A36 256GB 8GB RAM Review: Performance, Battery, and Value in Kenya",Samsung Galaxy A36 256GB 8GB RAM,samsung-galaxy-a36-256gb-8gb-ram,blog_content/batches/035-product-spotlights-3/104-samsung-galaxy-a36-256gb-8gb-ram.json
"Samsung Galaxy A37 256GB 8GB RAM Review: Affordable Price, Solid Performance in Kenya",Samsung Galaxy A37 256GB 8GB RAM,samsung-galaxy-a37-256gb-8gb-ram,blog_content/batches/035-product-spotlights-3/105-samsung-galaxy-a37-256gb-8gb-ram.json
Samsung Galaxy A56 256GB 12GB RAM Review: Affordable Samsung Phone in Kenya,Samsung Galaxy A56 256GB 12GB RAM,samsung-galaxy-a56-256gb-12gb-ram,blog_content/batches/035-product-spotlights-3/106-samsung-galaxy-a56-256gb-12gb-ram.json
"Samsung Galaxy A56 256GB 8GB RAM Review: Performance, Battery, and Value in Kenya",Samsung Galaxy A56 256GB 8GB RAM,samsung-galaxy-a56-256gb-8gb-ram,blog_content/batches/035-product-spotlights-3/107-samsung-galaxy-a56-256gb-8gb-ram.json
Samsung Galaxy A57 256GB 12GB RAM: Best Price on Samsung's Latest Phone in Kenya,Samsung Galaxy A57 256GB 12GB RAM,samsung-galaxy-a57-256gb-12gb-ram,blog_content/batches/035-product-spotlights-3/108-samsung-galaxy-a57-256gb-12gb-ram.json
Samsung Galaxy A57 256GB 8GB RAM Review: Affordable Samsung Phone in Kenya,Samsung Galaxy A57 256GB 8GB RAM,samsung-galaxy-a57-256gb-8gb-ram,blog_content/batches/035-product-spotlights-3/109-samsung-galaxy-a57-256gb-8gb-ram.json
Samsung Galaxy Buds 3 FE: Best Price on This Samsung Accessory in Kenya,Samsung Galaxy Buds 3 FE,samsung-galaxy-buds-3-fe,blog_content/batches/035-product-spotlights-3/110-samsung-galaxy-buds-3-fe.json
Is the Samsung Galaxy Buds 3 Pro the Right Affordable Accessory for You in Kenya?,Samsung Galaxy Buds 3 Pro,samsung-galaxy-buds-3-pro,blog_content/batches/035-product-spotlights-3/111-samsung-galaxy-buds-3-pro.json
Samsung Galaxy Buds 4 Review: Affordable Samsung Accessory in Kenya,Samsung Galaxy Buds 4,samsung-galaxy-buds-4,blog_content/batches/035-product-spotlights-3/112-samsung-galaxy-buds-4.json
"Samsung Galaxy Buds 4 Pro Review: Affordable Price, Great Value in Kenya",Samsung Galaxy Buds 4 Pro,samsung-galaxy-buds-4-pro,blog_content/batches/035-product-spotlights-3/113-samsung-galaxy-buds-4-pro.json
"Samsung Galaxy S24 256GB 8GB RAM Review: Performance, Battery, and Value in Kenya",Samsung Galaxy S24 256GB 8GB RAM,samsung-galaxy-s24-256gb-8gb-ram,blog_content/batches/035-product-spotlights-3/114-samsung-galaxy-s24-256gb-8gb-ram.json
Is the Samsung Galaxy S25 128GB 12GB RAM the Right Affordable Phone for You in Kenya?,Samsung Galaxy S25 128GB 12GB RAM,samsung-galaxy-s25-128gb-12gb-ram,blog_content/batches/035-product-spotlights-3/115-samsung-galaxy-s25-128gb-12gb-ram.json
Samsung Galaxy S25 256GB 12GB RAM: Best Price on Samsung's Latest Phone in Kenya,Samsung Galaxy S25 256GB 12GB RAM,samsung-galaxy-s25-256gb-12gb-ram,blog_content/batches/035-product-spotlights-3/116-samsung-galaxy-s25-256gb-12gb-ram.json
Is the Samsung Galaxy S25 Edge 256GB 12GB RAM the Right Affordable Phone for You in Kenya?,Samsung Galaxy S25 Edge 256GB 12GB RAM,samsung-galaxy-s25-edge-256gb-12gb-ram,blog_content/batches/035-product-spotlights-3/117-samsung-galaxy-s25-edge-256gb-12gb-ram.json
"Samsung Galaxy S25 FE 128GB 8GB RAM Review: Performance, Battery, and Value in Kenya",Samsung Galaxy S25 FE 128GB 8GB RAM,samsung-galaxy-s25-fe-128gb-8gb-ram,blog_content/batches/035-product-spotlights-3/118-samsung-galaxy-s25-fe-128gb-8gb-ram.json
"Samsung Galaxy S25 FE 256GB 8GB RAM Review: Affordable Price, Solid Performance in Kenya",Samsung Galaxy S25 FE 256GB 8GB RAM,samsung-galaxy-s25-fe-256gb-8gb-ram,blog_content/batches/035-product-spotlights-3/119-samsung-galaxy-s25-fe-256gb-8gb-ram.json
Samsung Galaxy S25 Ultra 256GB 12GB RAM: Best Price on Samsung's Latest Phone in Kenya,Samsung Galaxy S25 Ultra 256GB 12GB RAM,samsung-galaxy-s25-ultra-256gb-12gb-ram,blog_content/batches/035-product-spotlights-3/120-samsung-galaxy-s25-ultra-256gb-12gb-ram.json
"Samsung Galaxy S25 Ultra 512GB 12GB RAM Review: Performance, Battery, and Value in Kenya",Samsung Galaxy S25 Ultra 512GB 12GB RAM,samsung-galaxy-s25-ultra-512gb-12gb-ram,blog_content/batches/036-product-spotlights-4/121-samsung-galaxy-s25-ultra-512gb-12gb-ram.json
"Samsung Galaxy S26 256GB 12GB RAM Review: Performance, Battery, and Value in Kenya",Samsung Galaxy S26 256GB 12GB RAM,samsung-galaxy-s26-256gb-12gb-ram,blog_content/batches/036-product-spotlights-4/122-samsung-galaxy-s26-256gb-12gb-ram.json
"Samsung Galaxy S26 Ultra 256GB 12GB RAM Review: Performance, Battery, and Value in Kenya",Samsung Galaxy S26 Ultra 256GB 12GB RAM,samsung-galaxy-s26-ultra-256gb-12gb-ram,blog_content/batches/036-product-spotlights-4/123-samsung-galaxy-s26-ultra-256gb-12gb-ram.json
"Samsung Galaxy S26 Ultra 512GB 12GB RAM Review: Performance, Battery, and Value in Kenya",Samsung Galaxy S26 Ultra 512GB 12GB RAM,samsung-galaxy-s26-ultra-512gb-12gb-ram,blog_content/batches/036-product-spotlights-4/124-samsung-galaxy-s26-ultra-512gb-12gb-ram.json
"Samsung Galaxy Tab A11 128GB 8GB RAM Cellular Review: Performance, Battery, and Value in Kenya",Samsung Galaxy Tab A11 128GB 8GB RAM Cellular,samsung-galaxy-tab-a11-128gb-8gb-ram-cellular,blog_content/batches/036-product-spotlights-4/125-samsung-galaxy-tab-a11-128gb-8gb-ram-cellular.json
Samsung Galaxy Tab A11 Plus 128GB 6GB RAM Cellular: Best Price on This Samsung Tablet in Kenya,Samsung Galaxy Tab A11 Plus 128GB 6GB RAM Cellular,samsung-galaxy-tab-a11-plus-128gb-6gb-ram-cellular,blog_content/batches/036-product-spotlights-4/126-samsung-galaxy-tab-a11-plus-128gb-6gb-ram-cellular.json
Is the Samsung Galaxy Tab S10 Lite 256GB 8GB RAM Cellular the Right Affordable Tablet for You in Kenya?,Samsung Galaxy Tab S10 Lite 256GB 8GB RAM Cellular,samsung-galaxy-tab-s10-lite-256gb-8gb-ram-cellular,blog_content/batches/036-product-spotlights-4/127-samsung-galaxy-tab-s10-lite-256gb-8gb-ram-cellular.json
"Samsung Galaxy Tab S10 Ultra 256GB 12GB RAM Cellular Review: Performance, Battery, and Value in Kenya",Samsung Galaxy Tab S10 Ultra 256GB 12GB RAM Cellular,samsung-galaxy-tab-s10-ultra-256gb-12gb-ram-cellular,blog_content/batches/036-product-spotlights-4/128-samsung-galaxy-tab-s10-ultra-256gb-12gb-ram-cellular.json
"Samsung Galaxy Tab S10 Ultra 256GB 12GB RAM WiFi Review: Affordable Price, Great Value in Kenya",Samsung Galaxy Tab S10 Ultra 256GB 12GB RAM WiFi,samsung-galaxy-tab-s10-ultra-256gb-12gb-ram-wifi,blog_content/batches/036-product-spotlights-4/129-samsung-galaxy-tab-s10-ultra-256gb-12gb-ram-wifi.json
Is the Samsung Galaxy Tab S11 Ultra 256GB 12GB RAM Cellular the Right Affordable Tablet for You in Kenya?,Samsung Galaxy Tab S11 Ultra 256GB 12GB RAM Cellular,samsung-galaxy-tab-s11-ultra-256gb-12gb-ram-cellular,blog_content/batches/036-product-spotlights-4/130-samsung-galaxy-tab-s11-ultra-256gb-12gb-ram-cellular.json
Is the Samsung Galaxy Tab S11 Ultra 256GB 12GB RAM WiFi the Right Affordable Tablet for You in Kenya?,Samsung Galaxy Tab S11 Ultra 256GB 12GB RAM WiFi,samsung-galaxy-tab-s11-ultra-256gb-12gb-ram-wifi,blog_content/batches/036-product-spotlights-4/131-samsung-galaxy-tab-s11-ultra-256gb-12gb-ram-wifi.json
Samsung Galaxy Tab S9 256GB 12GB RAM Cellular Review: Affordable Samsung Tablet in Kenya,Samsung Galaxy Tab S9 256GB 12GB RAM Cellular,samsung-galaxy-tab-s9-256gb-12gb-ram-cellular,blog_content/batches/036-product-spotlights-4/132-samsung-galaxy-tab-s9-256gb-12gb-ram-cellular.json
"Samsung Galaxy Watch 6 Classic 43mm Review: Affordable Price, Great Value in Kenya",Samsung Galaxy Watch 6 Classic 43mm,samsung-galaxy-watch-6-classic-43mm,blog_content/batches/036-product-spotlights-4/133-samsung-galaxy-watch-6-classic-43mm.json
Is the Samsung Galaxy Watch 6 Classic 47mm the Right Affordable Accessory for You in Kenya?,Samsung Galaxy Watch 6 Classic 47mm,samsung-galaxy-watch-6-classic-47mm,blog_content/batches/036-product-spotlights-4/134-samsung-galaxy-watch-6-classic-47mm.json
Samsung Galaxy Watch 7 40mm Review: Affordable Samsung Accessory in Kenya,Samsung Galaxy Watch 7 40mm,samsung-galaxy-watch-7-40mm,blog_content/batches/036-product-spotlights-4/135-samsung-galaxy-watch-7-40mm.json
"Samsung Galaxy Watch 7 44mm Review: Performance, Battery, and Value in Kenya",Samsung Galaxy Watch 7 44mm,samsung-galaxy-watch-7-44mm,blog_content/batches/036-product-spotlights-4/136-samsung-galaxy-watch-7-44mm.json
Is the Samsung Galaxy Watch 8 40mm the Right Affordable Accessory for You in Kenya?,Samsung Galaxy Watch 8 40mm,samsung-galaxy-watch-8-40mm,blog_content/batches/036-product-spotlights-4/137-samsung-galaxy-watch-8-40mm.json
"Samsung Galaxy Watch 8 44mm Review: Performance, Battery, and Value in Kenya",Samsung Galaxy Watch 8 44mm,samsung-galaxy-watch-8-44mm,blog_content/batches/036-product-spotlights-4/138-samsung-galaxy-watch-8-44mm.json
Is the Samsung Galaxy Z Flip 7 256GB 12GB RAM the Right Affordable Phone for You in Kenya?,Samsung Galaxy Z Flip 7 256GB 12GB RAM,samsung-galaxy-z-flip-7-256gb-12gb-ram,blog_content/batches/036-product-spotlights-4/139-samsung-galaxy-z-flip-7-256gb-12gb-ram.json
Samsung Galaxy Z Fold 4 512GB 12GB RAM Review: Affordable Samsung Phone in Kenya,Samsung Galaxy Z Fold 4 512GB 12GB RAM,samsung-galaxy-z-fold-4-512gb-12gb-ram,blog_content/batches/036-product-spotlights-4/140-samsung-galaxy-z-fold-4-512gb-12gb-ram.json
Samsung Galaxy Z Fold 7 256GB 12GB RAM: Best Price on Samsung's Latest Phone in Kenya,Samsung Galaxy Z Fold 7 256GB 12GB RAM,samsung-galaxy-z-fold-7-256gb-12gb-ram,blog_content/batches/036-product-spotlights-4/141-samsung-galaxy-z-fold-7-256gb-12gb-ram.json
Is the Samsung Galaxy Z Fold 7 512GB 12GB RAM the Right Affordable Phone for You in Kenya?,Samsung Galaxy Z Fold 7 512GB 12GB RAM,samsung-galaxy-z-fold-7-512gb-12gb-ram,blog_content/batches/036-product-spotlights-4/142-samsung-galaxy-z-fold-7-512gb-12gb-ram.json
"Xiaomi 17 Pro Max 512GB 12GB RAM Review: Performance, Battery, and Value in Kenya",Xiaomi 17 Pro Max 512GB 12GB RAM,xiaomi-17-pro-max-512gb-12gb-ram,blog_content/batches/036-product-spotlights-4/143-xiaomi-17-pro-max-512gb-12gb-ram.json
Xiaomi 17 Pro Max 512GB 16GB RAM: Best Price on Xiaomi's Latest Phone in Kenya,Xiaomi 17 Pro Max 512GB 16GB RAM,xiaomi-17-pro-max-512gb-16gb-ram,blog_content/batches/036-product-spotlights-4/144-xiaomi-17-pro-max-512gb-16gb-ram.json
Apple M5 Chip Explained: The Best MacBook Yet for Running AI on Your Laptop,"MacBook Air M5 13""",apple-macbook-air-m5-13,blog_content/batches/038-apple-m5-ai-guide/001-macbook-air-m5-13.json
Apple M5 Chip Explained: The Best MacBook Yet for Running AI on Your Laptop,"MacBook Pro M5 14.2""",apple-macbook-pro-m5-142,blog_content/batches/038-apple-m5-ai-guide/002-macbook-pro-m5-142.json
Apple M5 Chip Explained: The Best MacBook Yet for Running AI on Your Laptop,"MacBook Pro M5 Pro 14.2""",apple-macbook-pro-m5-142-2,blog_content/batches/038-apple-m5-ai-guide/003-macbook-pro-m5-pro-142.json
Apple M5 Chip Explained: The Best MacBook Yet for Running AI on Your Laptop,"MacBook Pro M4 Pro 14.2""",apple-macbook-pro-m4-142,blog_content/batches/038-apple-m5-ai-guide/004-macbook-pro-m4-pro-142.json
Apple M5 Chip Explained: The Best MacBook Yet for Running AI on Your Laptop,"iPad Pro M5 11"" WiFi",apple-ipad-pro-m5-11-wifi,blog_content/batches/038-apple-m5-ai-guide/005-ipad-pro-m5-11-wifi.json
Apple M5 Chip Explained: The Best MacBook Yet for Running AI on Your Laptop,"iPad Pro M5 11"" Cellular",apple-ipad-pro-m5-11-cellular,blog_content/batches/038-apple-m5-ai-guide/006-ipad-pro-m5-11-cellular.json
