model,specs,rom_gb,cash_price,deposit_12,weekly_12,weekly_16,deposit_24,weekly_24,source
iPhone 11,64GB,64,25000,10000,1875,1500,,,primary-a
iPhone 11,128GB,128,28500,11400,2138,1710,,,primary-a
iPhone 11,256GB,256,33000,13200,2475,1980,,,primary-a
iPhone 11 Pro,256GB,256,37000,14800,2775,2220,,,primary-a
iPhone 11 Pro Max,256GB,256,43000,17200,3225,2580,,,primary-a
iPhone 12,64GB,64,30000,12000,2400,,15000,1200,primary-b
iPhone 12,128GB,128,35000,14000,2800,,17500,1400,primary-b
iPhone 12 Pro,128GB,128,43000,17200,3440,,21500,1720,primary-b
iPhone 12 Pro,256GB,256,45000,18000,3600,,22500,3420,primary-b
iPhone 12 Pro Max,128GB,128,55000,22000,4400,,27500,2200,primary-b
iPhone 12 Pro Max,256GB,256,58000,23200,4640,,29000,2320,primary-b
iPhone 12 mini,64GB,64,26500,10600,2120,,13250,1060,primary-b
iPhone 12 mini,128GB,128,29500,11800,2360,,14750,1180,primary-b
iPhone 12 mini,256GB,256,33000,13200,2640,,16500,1320,primary-b
iPhone 13,128GB,128,43000,17200,3440,,21500,1720,primary-b
iPhone 13,256GB,256,48000,19200,3840,,24000,1920,primary-b
iPhone 13 Pro,128GB,128,53000,21200,4240,,26500,2120,primary-b
iPhone 13 Pro,256GB,256,58000,23200,4640,,29000,2320,primary-b
iPhone 13 Pro,1TB &512GB,1024,75000,30000,6000,,37500,3000,primary-b
iPhone 13 Pro Max,128GB,128,59000,23600,4720,,29500,2360,primary-b
iPhone 13 Pro Max,256GB,256,65000,26000,5200,,32500,2600,primary-b
iPhone 13 Pro Max,512GB,512,120000,48000,9600,,60000,4800,primary-b
iPhone 13 mini,128GB,128,36500,14600,2920,,18250,1460,primary-b
iPhone 13 mini,256GB,256,38500,15400,3080,,19250,1540,primary-b
iPhone 14,128GB,128,49500,19800,3960,,24750,1980,primary-b
iPhone 14,256GB,256,65000,26000,5200,,32500,2600,primary-b
iPhone 14 Pro,128GB,128,65000,26000,5200,,32500,2600,primary-b
iPhone 14 Pro,256GB,256,68000,27200,5440,,34000,2720,primary-b
iPhone 14 Pro Max,128GB,128,70000,28000,5600,,35000,2800,primary-b
iPhone 14 Pro Max,256GB,256,75000,30000,6000,,37500,3000,primary-b
iPhone 15,128GB,128,65000,26000,5200,,32500,2600,primary-b
iPhone 15,256GB,256,90000,36000,7200,,45000,3600,primary-b
iPhone 15 Plus,128GB,128,65000,,,,26000,2925,alt24
iPhone 15 Plus,256GB,256,90000,,,,36000,4050,alt24
iPhone 15 Pro,128GB,128,80000,32000,6400,,40000,3200,primary-b
iPhone 15 Pro,256GB,256,85000,34000,6800,,42500,3400,primary-b
iPhone 15 Pro Max,256GB,256,100000,40000,8000,,50000,4000,primary-b
iPhone 15 Pro Max,512GB,512,108000,43200,8640,,54000,4320,primary-b
iPhone 16,128GB,128,85000,34000,6800,,42500,3400,primary-b
iPhone 16,256GB,256,96000,38400,7680,,48000,3840,primary-b
iPhone 16 Pro,128GB,128,105000,42000,8400,,52500,4200,primary-b
iPhone 16 Pro,256GB,256,110000,44000,8800,,55000,4400,primary-b
iPhone 16 Pro Max,256GB,256,115000,46000,9200,,57500,4600,primary-b
iPhone 16 Pro Max,512GB,512,140000,,,,56000,6300,alt24
iPhone 16e,128GB,128,58000,23200,4640,,29000,2320,primary-b
