product_type,product_name,product_description,brand,model_series,min_stock_threshold,reorder_point,is_discontinued,meta_title,meta_description,slug,keywords,og_image,product_highlights,long_description,is_published,product_video_url,product_video_file,tag_ids,brand_ids,is_global,ref_cost_kes,ref_sell_kes
PH,iPhone 16 128GB E-SIM (Dubai),Non-activated. Sourced from Dubai (stock dated 4 May 2026). Warranty: Apple service center only — no shop warranty.,Apple,16 128GB E-SIM (Dubai),5,10,False,iPhone 16 128GB E-SIM (Dubai),"Explore the iPhone 16 128GB E-SIM (Dubai) by Apple, a high-quality phone.",,"apple, 16 128gb e-sim (dubai), phone, iphone 16 128gb e-sim (dubai)",,[],Discover the iPhone 16 128GB E-SIM (Dubai) from Apple. This phone offers exceptional performance and features.,True,,,[],[],False,85000,90000
PH,iPhone 16 Pro 256GB E-SIM (Dubai),Non-activated. Sourced from Dubai (stock dated 4 May 2026). Warranty: Apple service center only — no shop warranty.,Apple,16 Pro 256GB E-SIM (Dubai),5,10,False,iPhone 16 Pro 256GB E-SIM (Dubai),"Explore the iPhone 16 Pro 256GB E-SIM (Dubai) by Apple, a high-quality phone.",,"apple, 16 pro 256gb e-sim (dubai), phone, iphone 16 pro 256gb e-sim (dubai)",,[],Discover the iPhone 16 Pro 256GB E-SIM (Dubai) from Apple. This phone offers exceptional performance and features.,True,,,[],[],False,138000,145000
PH,iPhone 17 256GB E-SIM (Dubai),Non-activated. Sourced from Dubai (stock dated 4 May 2026). Warranty: Apple service center only — no shop warranty.,Apple,17 256GB E-SIM (Dubai),5,10,False,iPhone 17 256GB E-SIM (Dubai),"Explore the iPhone 17 256GB E-SIM (Dubai) by Apple, a high-quality phone.",,"apple, 17 256gb e-sim (dubai), phone, iphone 17 256gb e-sim (dubai)",,[],Discover the iPhone 17 256GB E-SIM (Dubai) from Apple. This phone offers exceptional performance and features.,True,,,[],[],False,104000,110000
PH,iPhone 17 512GB E-SIM (Dubai),Non-activated. Sourced from Dubai (stock dated 4 May 2026). Warranty: Apple service center only — no shop warranty.,Apple,17 512GB E-SIM (Dubai),5,10,False,iPhone 17 512GB E-SIM (Dubai),"Explore the iPhone 17 512GB E-SIM (Dubai) by Apple, a high-quality phone.",,"apple, 17 512gb e-sim (dubai), phone, iphone 17 512gb e-sim (dubai)",,[],Discover the iPhone 17 512GB E-SIM (Dubai) from Apple. This phone offers exceptional performance and features.,True,,,[],[],False,132000,138000
PH,iPhone 17 Air 256GB E-SIM (Dubai),Non-activated. Sourced from Dubai (stock dated 4 May 2026). Warranty: Apple service center only — no shop warranty.,Apple,17 Air 256GB E-SIM (Dubai),5,10,False,iPhone 17 Air 256GB E-SIM (Dubai),"Explore the iPhone 17 Air 256GB E-SIM (Dubai) by Apple, a high-quality phone.",,"apple, 17 air 256gb e-sim (dubai), phone, iphone 17 air 256gb e-sim (dubai)",,[],Discover the iPhone 17 Air 256GB E-SIM (Dubai) from Apple. This phone offers exceptional performance and features.,True,,,[],[],False,116000,120000
PH,iPhone 17 Air 256GB E-SIM White/Gold (Dubai),Non-activated. Sourced from Dubai (stock dated 4 May 2026). Warranty: Apple service center only — no shop warranty.,Apple,17 Air 256GB E-SIM White/Gold (Dubai),5,10,False,iPhone 17 Air 256GB E-SIM White/Gold (Dubai),"Explore the iPhone 17 Air 256GB E-SIM White/Gold (Dubai) by Apple, a high-quality phone.",,"apple, 17 air 256gb e-sim white/gold (dubai), phone, iphone 17 air 256gb e-sim white/gold (dubai)",,[],Discover the iPhone 17 Air 256GB E-SIM White/Gold (Dubai) from Apple. This phone offers exceptional performance and features.,True,,,[],[],False,120000,125000
PH,iPhone 17 Pro 256GB E-SIM (Dubai),Non-activated. Sourced from Dubai (stock dated 4 May 2026). Warranty: Apple service center only — no shop warranty.,Apple,17 Pro 256GB E-SIM (Dubai),5,10,False,iPhone 17 Pro 256GB E-SIM (Dubai),"Explore the iPhone 17 Pro 256GB E-SIM (Dubai) by Apple, a high-quality phone.",,"apple, 17 pro 256gb e-sim (dubai), phone, iphone 17 pro 256gb e-sim (dubai)",,[],Discover the iPhone 17 Pro 256GB E-SIM (Dubai) from Apple. This phone offers exceptional performance and features.,True,,,[],[],False,161500,166000
PH,iPhone 17 Pro 512GB E-SIM Orange/Blue (Dubai),Non-activated. Sourced from Dubai (stock dated 4 May 2026). Warranty: Apple service center only — no shop warranty.,Apple,17 Pro 512GB E-SIM Orange/Blue (Dubai),5,10,False,iPhone 17 Pro 512GB E-SIM Orange/Blue (Dubai),"Explore the iPhone 17 Pro 512GB E-SIM Orange/Blue (Dubai) by Apple, a high-quality phone.",,"apple, 17 pro 512gb e-sim orange/blue (dubai), phone, iphone 17 pro 512gb e-sim orange/blue (dubai)",,[],Discover the iPhone 17 Pro 512GB E-SIM Orange/Blue (Dubai) from Apple. This phone offers exceptional performance and features.,True,,,[],[],False,181500,187500
PH,iPhone 17 Pro 512GB E-SIM Silver (Dubai),Non-activated. Sourced from Dubai (stock dated 4 May 2026). Warranty: Apple service center only — no shop warranty.,Apple,17 Pro 512GB E-SIM Silver (Dubai),5,10,False,iPhone 17 Pro 512GB E-SIM Silver (Dubai),"Explore the iPhone 17 Pro 512GB E-SIM Silver (Dubai) by Apple, a high-quality phone.",,"apple, 17 pro 512gb e-sim silver (dubai), phone, iphone 17 pro 512gb e-sim silver (dubai)",,[],Discover the iPhone 17 Pro 512GB E-SIM Silver (Dubai) from Apple. This phone offers exceptional performance and features.,True,,,[],[],False,185000,193000
PH,iPhone 17 Pro 1TB E-SIM (Dubai),Non-activated. Sourced from Dubai (stock dated 4 May 2026). Warranty: Apple service center only — no shop warranty.,Apple,17 Pro 1TB E-SIM (Dubai),5,10,False,iPhone 17 Pro 1TB E-SIM (Dubai),"Explore the iPhone 17 Pro 1TB E-SIM (Dubai) by Apple, a high-quality phone.",,"apple, 17 pro 1tb e-sim (dubai), phone, iphone 17 pro 1tb e-sim (dubai)",,[],Discover the iPhone 17 Pro 1TB E-SIM (Dubai) from Apple. This phone offers exceptional performance and features.,True,,,[],[],False,208500,216000
PH,iPhone 17 Pro Max 256GB E-SIM Orange/Blue (Dubai),Non-activated. Sourced from Dubai (stock dated 4 May 2026). Warranty: Apple service center only — no shop warranty.,Apple,17 Pro Max 256GB E-SIM Orange/Blue (Dubai),5,10,False,iPhone 17 Pro Max 256GB E-SIM Orange/Blue (Dubai),"Explore the iPhone 17 Pro Max 256GB E-SIM Orange/Blue (Dubai) by Apple, a high-quality phone.",,"apple, 17 pro max 256gb e-sim orange/blue (dubai), phone, iphone 17 pro max 256gb e-sim orange/blue (dubai)",,[],Discover the iPhone 17 Pro Max 256GB E-SIM Orange/Blue (Dubai) from Apple. This phone offers exceptional performance and features.,True,,,[],[],False,174500,179500
PH,iPhone 17 Pro Max 256GB E-SIM Silver (Dubai),Non-activated. Sourced from Dubai (stock dated 4 May 2026). Warranty: Apple service center only — no shop warranty.,Apple,17 Pro Max 256GB E-SIM Silver (Dubai),5,10,False,iPhone 17 Pro Max 256GB E-SIM Silver (Dubai),"Explore the iPhone 17 Pro Max 256GB E-SIM Silver (Dubai) by Apple, a high-quality phone.",,"apple, 17 pro max 256gb e-sim silver (dubai), phone, iphone 17 pro max 256gb e-sim silver (dubai)",,[],Discover the iPhone 17 Pro Max 256GB E-SIM Silver (Dubai) from Apple. This phone offers exceptional performance and features.,True,,,[],[],False,176000,182000
PH,iPhone 17 Pro Max 512GB E-SIM Orange/Blue (Dubai),Non-activated. Sourced from Dubai (stock dated 4 May 2026). Warranty: Apple service center only — no shop warranty.,Apple,17 Pro Max 512GB E-SIM Orange/Blue (Dubai),5,10,False,iPhone 17 Pro Max 512GB E-SIM Orange/Blue (Dubai),"Explore the iPhone 17 Pro Max 512GB E-SIM Orange/Blue (Dubai) by Apple, a high-quality phone.",,"apple, 17 pro max 512gb e-sim orange/blue (dubai), phone, iphone 17 pro max 512gb e-sim orange/blue (dubai)",,[],Discover the iPhone 17 Pro Max 512GB E-SIM Orange/Blue (Dubai) from Apple. This phone offers exceptional performance and features.,True,,,[],[],False,200500,207000
PH,iPhone 17 Pro Max 512GB E-SIM Silver (Dubai),Non-activated. Sourced from Dubai (stock dated 4 May 2026). Warranty: Apple service center only — no shop warranty.,Apple,17 Pro Max 512GB E-SIM Silver (Dubai),5,10,False,iPhone 17 Pro Max 512GB E-SIM Silver (Dubai),"Explore the iPhone 17 Pro Max 512GB E-SIM Silver (Dubai) by Apple, a high-quality phone.",,"apple, 17 pro max 512gb e-sim silver (dubai), phone, iphone 17 pro max 512gb e-sim silver (dubai)",,[],Discover the iPhone 17 Pro Max 512GB E-SIM Silver (Dubai) from Apple. This phone offers exceptional performance and features.,True,,,[],[],False,208000,216000
PH,iPhone 17 Pro Max 1TB E-SIM (Dubai),Non-activated. Sourced from Dubai (stock dated 4 May 2026). Warranty: Apple service center only — no shop warranty.,Apple,17 Pro Max 1TB E-SIM (Dubai),5,10,False,iPhone 17 Pro Max 1TB E-SIM (Dubai),"Explore the iPhone 17 Pro Max 1TB E-SIM (Dubai) by Apple, a high-quality phone.",,"apple, 17 pro max 1tb e-sim (dubai), phone, iphone 17 pro max 1tb e-sim (dubai)",,[],Discover the iPhone 17 Pro Max 1TB E-SIM (Dubai) from Apple. This phone offers exceptional performance and features.,True,,,[],[],False,216000,228500
PH,iPhone 14 128GB SIM (Dubai),Non-activated. Sourced from Dubai (stock dated 4 May 2026). Warranty: Apple service center only — no shop warranty.,Apple,14 128GB SIM (Dubai),5,10,False,iPhone 14 128GB SIM (Dubai),"Explore the iPhone 14 128GB SIM (Dubai) by Apple, a high-quality phone.",,"apple, 14 128gb sim (dubai), phone, iphone 14 128gb sim (dubai)",,[],Discover the iPhone 14 128GB SIM (Dubai) from Apple. This phone offers exceptional performance and features.,True,,,[],[],False,73000,78000
PH,iPhone 14 256GB SIM (Dubai),Non-activated. Sourced from Dubai (stock dated 4 May 2026). Warranty: Apple service center only — no shop warranty.,Apple,14 256GB SIM (Dubai),5,10,False,iPhone 14 256GB SIM (Dubai),"Explore the iPhone 14 256GB SIM (Dubai) by Apple, a high-quality phone.",,"apple, 14 256gb sim (dubai), phone, iphone 14 256gb sim (dubai)",,[],Discover the iPhone 14 256GB SIM (Dubai) from Apple. This phone offers exceptional performance and features.,True,,,[],[],False,78500,83500
PH,iPhone 15 128GB SIM (Dubai),Non-activated. Sourced from Dubai (stock dated 4 May 2026). Warranty: Apple service center only — no shop warranty.,Apple,15 128GB SIM (Dubai),5,10,False,iPhone 15 128GB SIM (Dubai),"Explore the iPhone 15 128GB SIM (Dubai) by Apple, a high-quality phone.",,"apple, 15 128gb sim (dubai), phone, iphone 15 128gb sim (dubai)",,[],Discover the iPhone 15 128GB SIM (Dubai) from Apple. This phone offers exceptional performance and features.,True,,,[],[],False,81000,86000
PH,iPhone 15 256GB SIM (Dubai),Non-activated. Sourced from Dubai (stock dated 4 May 2026). Warranty: Apple service center only — no shop warranty.,Apple,15 256GB SIM (Dubai),5,10,False,iPhone 15 256GB SIM (Dubai),"Explore the iPhone 15 256GB SIM (Dubai) by Apple, a high-quality phone.",,"apple, 15 256gb sim (dubai), phone, iphone 15 256gb sim (dubai)",,[],Discover the iPhone 15 256GB SIM (Dubai) from Apple. This phone offers exceptional performance and features.,True,,,[],[],False,94500,98500
PH,iPhone 15 Plus 256GB SIM (Dubai),Non-activated. Sourced from Dubai (stock dated 4 May 2026). Warranty: Apple service center only — no shop warranty.,Apple,15 Plus 256GB SIM (Dubai),5,10,False,iPhone 15 Plus 256GB SIM (Dubai),"Explore the iPhone 15 Plus 256GB SIM (Dubai) by Apple, a high-quality phone.",,"apple, 15 plus 256gb sim (dubai), phone, iphone 15 plus 256gb sim (dubai)",,[],Discover the iPhone 15 Plus 256GB SIM (Dubai) from Apple. This phone offers exceptional performance and features.,True,,,[],[],False,106000,112000
PH,iPhone 15 Pro Max 256GB SIM (Dubai),Non-activated. Sourced from Dubai (stock dated 4 May 2026). Warranty: Apple service center only — no shop warranty.,Apple,15 Pro Max 256GB SIM (Dubai),5,10,False,iPhone 15 Pro Max 256GB SIM (Dubai),"Explore the iPhone 15 Pro Max 256GB SIM (Dubai) by Apple, a high-quality phone.",,"apple, 15 pro max 256gb sim (dubai), phone, iphone 15 pro max 256gb sim (dubai)",,[],Discover the iPhone 15 Pro Max 256GB SIM (Dubai) from Apple. This phone offers exceptional performance and features.,True,,,[],[],False,133000,142000
PH,iPhone 16E 128GB SIM (Dubai),Non-activated. Sourced from Dubai (stock dated 4 May 2026). Warranty: Apple service center only — no shop warranty.,Apple,16E 128GB SIM (Dubai),5,10,False,iPhone 16E 128GB SIM (Dubai),"Explore the iPhone 16E 128GB SIM (Dubai) by Apple, a high-quality phone.",,"apple, 16e 128gb sim (dubai), phone, iphone 16e 128gb sim (dubai)",,[],Discover the iPhone 16E 128GB SIM (Dubai) from Apple. This phone offers exceptional performance and features.,True,,,[],[],False,73000,78000
PH,iPhone 16E 256GB SIM (Dubai),Non-activated. Sourced from Dubai (stock dated 4 May 2026). Warranty: Apple service center only — no shop warranty.,Apple,16E 256GB SIM (Dubai),5,10,False,iPhone 16E 256GB SIM (Dubai),"Explore the iPhone 16E 256GB SIM (Dubai) by Apple, a high-quality phone.",,"apple, 16e 256gb sim (dubai), phone, iphone 16e 256gb sim (dubai)",,[],Discover the iPhone 16E 256GB SIM (Dubai) from Apple. This phone offers exceptional performance and features.,True,,,[],[],False,81000,86000
PH,iPhone 16 128GB SIM (Dubai),Non-activated. Sourced from Dubai (stock dated 4 May 2026). Warranty: Apple service center only — no shop warranty.,Apple,16 128GB SIM (Dubai),5,10,False,iPhone 16 128GB SIM (Dubai),"Explore the iPhone 16 128GB SIM (Dubai) by Apple, a high-quality phone.",,"apple, 16 128gb sim (dubai), phone, iphone 16 128gb sim (dubai)",,[],Discover the iPhone 16 128GB SIM (Dubai) from Apple. This phone offers exceptional performance and features.,True,,,[],[],False,91000,96000
PH,iPhone 16 256GB SIM (Dubai),Non-activated. Sourced from Dubai (stock dated 4 May 2026). Warranty: Apple service center only — no shop warranty.,Apple,16 256GB SIM (Dubai),5,10,False,iPhone 16 256GB SIM (Dubai),"Explore the iPhone 16 256GB SIM (Dubai) by Apple, a high-quality phone.",,"apple, 16 256gb sim (dubai), phone, iphone 16 256gb sim (dubai)",,[],Discover the iPhone 16 256GB SIM (Dubai) from Apple. This phone offers exceptional performance and features.,True,,,[],[],False,102000,110000
PH,iPhone 16 Plus 128GB SIM (Dubai),Non-activated. Sourced from Dubai (stock dated 4 May 2026). Warranty: Apple service center only — no shop warranty.,Apple,16 Plus 128GB SIM (Dubai),5,10,False,iPhone 16 Plus 128GB SIM (Dubai),"Explore the iPhone 16 Plus 128GB SIM (Dubai) by Apple, a high-quality phone.",,"apple, 16 plus 128gb sim (dubai), phone, iphone 16 plus 128gb sim (dubai)",,[],Discover the iPhone 16 Plus 128GB SIM (Dubai) from Apple. This phone offers exceptional performance and features.,True,,,[],[],False,106000,116000
PH,iPhone 16 Plus 256GB SIM (Dubai),Non-activated. Sourced from Dubai (stock dated 4 May 2026). Warranty: Apple service center only — no shop warranty.,Apple,16 Plus 256GB SIM (Dubai),5,10,False,iPhone 16 Plus 256GB SIM (Dubai),"Explore the iPhone 16 Plus 256GB SIM (Dubai) by Apple, a high-quality phone.",,"apple, 16 plus 256gb sim (dubai), phone, iphone 16 plus 256gb sim (dubai)",,[],Discover the iPhone 16 Plus 256GB SIM (Dubai) from Apple. This phone offers exceptional performance and features.,True,,,[],[],False,117500,126000
PH,iPhone 16 Pro 128GB SIM (Dubai),Non-activated. Sourced from Dubai (stock dated 4 May 2026). Warranty: Apple service center only — no shop warranty.,Apple,16 Pro 128GB SIM (Dubai),5,10,False,iPhone 16 Pro 128GB SIM (Dubai),"Explore the iPhone 16 Pro 128GB SIM (Dubai) by Apple, a high-quality phone.",,"apple, 16 pro 128gb sim (dubai), phone, iphone 16 pro 128gb sim (dubai)",,[],Discover the iPhone 16 Pro 128GB SIM (Dubai) from Apple. This phone offers exceptional performance and features.,True,,,[],[],False,127000,137000
PH,iPhone 16 Pro Max 256GB SIM Desert (Dubai),Non-activated. Sourced from Dubai (stock dated 4 May 2026). Warranty: Apple service center only — no shop warranty.,Apple,16 Pro Max 256GB SIM Desert (Dubai),5,10,False,iPhone 16 Pro Max 256GB SIM Desert (Dubai),"Explore the iPhone 16 Pro Max 256GB SIM Desert (Dubai) by Apple, a high-quality phone.",,"apple, 16 pro max 256gb sim desert (dubai), phone, iphone 16 pro max 256gb sim desert (dubai)",,[],Discover the iPhone 16 Pro Max 256GB SIM Desert (Dubai) from Apple. This phone offers exceptional performance and features.,True,,,[],[],False,151000,160000
PH,iPhone 16 Pro Max 256GB SIM Black (Dubai),Non-activated. Sourced from Dubai (stock dated 4 May 2026). Warranty: Apple service center only — no shop warranty.,Apple,16 Pro Max 256GB SIM Black (Dubai),5,10,False,iPhone 16 Pro Max 256GB SIM Black (Dubai),"Explore the iPhone 16 Pro Max 256GB SIM Black (Dubai) by Apple, a high-quality phone.",,"apple, 16 pro max 256gb sim black (dubai), phone, iphone 16 pro max 256gb sim black (dubai)",,[],Discover the iPhone 16 Pro Max 256GB SIM Black (Dubai) from Apple. This phone offers exceptional performance and features.,True,,,[],[],False,156000,166000
PH,iPhone 16 Pro Max 512GB SIM (Dubai),Non-activated. Sourced from Dubai (stock dated 4 May 2026). Warranty: Apple service center only — no shop warranty.,Apple,16 Pro Max 512GB SIM (Dubai),5,10,False,iPhone 16 Pro Max 512GB SIM (Dubai),"Explore the iPhone 16 Pro Max 512GB SIM (Dubai) by Apple, a high-quality phone.",,"apple, 16 pro max 512gb sim (dubai), phone, iphone 16 pro max 512gb sim (dubai)",,[],Discover the iPhone 16 Pro Max 512GB SIM (Dubai) from Apple. This phone offers exceptional performance and features.,True,,,[],[],False,176000,186000
PH,iPhone 17 256GB SIM (Dubai),Non-activated. Sourced from Dubai (stock dated 4 May 2026). Warranty: Apple service center only — no shop warranty.,Apple,17 256GB SIM (Dubai),5,10,False,iPhone 17 256GB SIM (Dubai),"Explore the iPhone 17 256GB SIM (Dubai) by Apple, a high-quality phone.",,"apple, 17 256gb sim (dubai), phone, iphone 17 256gb sim (dubai)",,[],Discover the iPhone 17 256GB SIM (Dubai) from Apple. This phone offers exceptional performance and features.,True,,,[],[],False,109500,116500
PH,iPhone 17 512GB SIM (Dubai),Non-activated. Sourced from Dubai (stock dated 4 May 2026). Warranty: Apple service center only — no shop warranty.,Apple,17 512GB SIM (Dubai),5,10,False,iPhone 17 512GB SIM (Dubai),"Explore the iPhone 17 512GB SIM (Dubai) by Apple, a high-quality phone.",,"apple, 17 512gb sim (dubai), phone, iphone 17 512gb sim (dubai)",,[],Discover the iPhone 17 512GB SIM (Dubai) from Apple. This phone offers exceptional performance and features.,True,,,[],[],False,140000,148000
PH,iPhone 17 Pro 256GB SIM (Dubai),Non-activated. Sourced from Dubai (stock dated 4 May 2026). Warranty: Apple service center only — no shop warranty.,Apple,17 Pro 256GB SIM (Dubai),5,10,False,iPhone 17 Pro 256GB SIM (Dubai),"Explore the iPhone 17 Pro 256GB SIM (Dubai) by Apple, a high-quality phone.",,"apple, 17 pro 256gb sim (dubai), phone, iphone 17 pro 256gb sim (dubai)",,[],Discover the iPhone 17 Pro 256GB SIM (Dubai) from Apple. This phone offers exceptional performance and features.,True,,,[],[],False,171500,181500
PH,iPhone 17 Pro 256GB SIM Silver (Dubai),Non-activated. Sourced from Dubai (stock dated 4 May 2026). Warranty: Apple service center only — no shop warranty.,Apple,17 Pro 256GB SIM Silver (Dubai),5,10,False,iPhone 17 Pro 256GB SIM Silver (Dubai),"Explore the iPhone 17 Pro 256GB SIM Silver (Dubai) by Apple, a high-quality phone.",,"apple, 17 pro 256gb sim silver (dubai), phone, iphone 17 pro 256gb sim silver (dubai)",,[],Discover the iPhone 17 Pro 256GB SIM Silver (Dubai) from Apple. This phone offers exceptional performance and features.,True,,,[],[],False,172000,182000
PH,iPhone 17 Pro 512GB SIM (Dubai),Non-activated. Sourced from Dubai (stock dated 4 May 2026). Warranty: Apple service center only — no shop warranty.,Apple,17 Pro 512GB SIM (Dubai),5,10,False,iPhone 17 Pro 512GB SIM (Dubai),"Explore the iPhone 17 Pro 512GB SIM (Dubai) by Apple, a high-quality phone.",,"apple, 17 pro 512gb sim (dubai), phone, iphone 17 pro 512gb sim (dubai)",,[],Discover the iPhone 17 Pro 512GB SIM (Dubai) from Apple. This phone offers exceptional performance and features.,True,,,[],[],False,200000,212000
PH,iPhone 17 Pro 1TB SIM (Dubai),Non-activated. Sourced from Dubai (stock dated 4 May 2026). Warranty: Apple service center only — no shop warranty.,Apple,17 Pro 1TB SIM (Dubai),5,10,False,iPhone 17 Pro 1TB SIM (Dubai),"Explore the iPhone 17 Pro 1TB SIM (Dubai) by Apple, a high-quality phone.",,"apple, 17 pro 1tb sim (dubai), phone, iphone 17 pro 1tb sim (dubai)",,[],Discover the iPhone 17 Pro 1TB SIM (Dubai) from Apple. This phone offers exceptional performance and features.,True,,,[],[],False,228000,240000
PH,iPhone 17 Pro Max 256GB SIM Blue/Orange (Dubai),Non-activated. Sourced from Dubai (stock dated 4 May 2026). Warranty: Apple service center only — no shop warranty.,Apple,17 Pro Max 256GB SIM Blue/Orange (Dubai),5,10,False,iPhone 17 Pro Max 256GB SIM Blue/Orange (Dubai),"Explore the iPhone 17 Pro Max 256GB SIM Blue/Orange (Dubai) by Apple, a high-quality phone.",,"apple, 17 pro max 256gb sim blue/orange (dubai), phone, iphone 17 pro max 256gb sim blue/orange (dubai)",,[],Discover the iPhone 17 Pro Max 256GB SIM Blue/Orange (Dubai) from Apple. This phone offers exceptional performance and features.,True,,,[],[],False,187000,195000
PH,iPhone 17 Pro Max 256GB SIM Silver (Dubai),Non-activated. Sourced from Dubai (stock dated 4 May 2026). Warranty: Apple service center only — no shop warranty.,Apple,17 Pro Max 256GB SIM Silver (Dubai),5,10,False,iPhone 17 Pro Max 256GB SIM Silver (Dubai),"Explore the iPhone 17 Pro Max 256GB SIM Silver (Dubai) by Apple, a high-quality phone.",,"apple, 17 pro max 256gb sim silver (dubai), phone, iphone 17 pro max 256gb sim silver (dubai)",,[],Discover the iPhone 17 Pro Max 256GB SIM Silver (Dubai) from Apple. This phone offers exceptional performance and features.,True,,,[],[],False,189000,197000
PH,iPhone 17 Pro Max 512GB SIM (Dubai),Non-activated. Sourced from Dubai (stock dated 4 May 2026). Warranty: Apple service center only — no shop warranty.,Apple,17 Pro Max 512GB SIM (Dubai),5,10,False,iPhone 17 Pro Max 512GB SIM (Dubai),"Explore the iPhone 17 Pro Max 512GB SIM (Dubai) by Apple, a high-quality phone.",,"apple, 17 pro max 512gb sim (dubai), phone, iphone 17 pro max 512gb sim (dubai)",,[],Discover the iPhone 17 Pro Max 512GB SIM (Dubai) from Apple. This phone offers exceptional performance and features.,True,,,[],[],False,217000,228000
PH,iPhone 17 Pro Max 1TB SIM (Dubai),Non-activated. Sourced from Dubai (stock dated 4 May 2026). Warranty: Apple service center only — no shop warranty.,Apple,17 Pro Max 1TB SIM (Dubai),5,10,False,iPhone 17 Pro Max 1TB SIM (Dubai),"Explore the iPhone 17 Pro Max 1TB SIM (Dubai) by Apple, a high-quality phone.",,"apple, 17 pro max 1tb sim (dubai), phone, iphone 17 pro max 1tb sim (dubai)",,[],Discover the iPhone 17 Pro Max 1TB SIM (Dubai) from Apple. This phone offers exceptional performance and features.,True,,,[],[],False,250500,270000
PH,iPhone 16 128GB SIM (Official),Non-activated. Warranty: 24 months device + 6 months screen warranty.,Apple,16 128GB SIM (Official),5,10,False,iPhone 16 128GB SIM (Official),"Explore the iPhone 16 128GB SIM (Official) by Apple, a high-quality phone.",,"apple, 16 128gb sim (official), phone, iphone 16 128gb sim (official)",,[],Discover the iPhone 16 128GB SIM (Official) from Apple. This phone offers exceptional performance and features.,True,,,[],[],False,94500,100000
PH,iPhone 16 Plus 128GB SIM (Official),Non-activated. Warranty: 24 months device + 6 months screen warranty.,Apple,16 Plus 128GB SIM (Official),5,10,False,iPhone 16 Plus 128GB SIM (Official),"Explore the iPhone 16 Plus 128GB SIM (Official) by Apple, a high-quality phone.",,"apple, 16 plus 128gb sim (official), phone, iphone 16 plus 128gb sim (official)",,[],Discover the iPhone 16 Plus 128GB SIM (Official) from Apple. This phone offers exceptional performance and features.,True,,,[],[],False,104500,115000
PH,iPhone 17 256GB SIM (Official),Non-activated. Warranty: 24 months device + 6 months screen warranty.,Apple,17 256GB SIM (Official),5,10,False,iPhone 17 256GB SIM (Official),"Explore the iPhone 17 256GB SIM (Official) by Apple, a high-quality phone.",,"apple, 17 256gb sim (official), phone, iphone 17 256gb sim (official)",,[],Discover the iPhone 17 256GB SIM (Official) from Apple. This phone offers exceptional performance and features.,True,,,[],[],False,116000,125000
PH,iPhone 17E 256GB SIM (Official),Non-activated. Warranty: 24 months device + 6 months screen warranty.,Apple,17E 256GB SIM (Official),5,10,False,iPhone 17E 256GB SIM (Official),"Explore the iPhone 17E 256GB SIM (Official) by Apple, a high-quality phone.",,"apple, 17e 256gb sim (official), phone, iphone 17e 256gb sim (official)",,[],Discover the iPhone 17E 256GB SIM (Official) from Apple. This phone offers exceptional performance and features.,True,,,[],[],False,89500,95500
PH,iPhone 17 Pro Max 256GB SIM (Official),Non-activated. Warranty: 24 months device + 6 months screen warranty.,Apple,17 Pro Max 256GB SIM (Official),5,10,False,iPhone 17 Pro Max 256GB SIM (Official),"Explore the iPhone 17 Pro Max 256GB SIM (Official) by Apple, a high-quality phone.",,"apple, 17 pro max 256gb sim (official), phone, iphone 17 pro max 256gb sim (official)",,[],Discover the iPhone 17 Pro Max 256GB SIM (Official) from Apple. This phone offers exceptional performance and features.,True,,,[],[],False,188000,198000
TB,iPad mini 7 128GB WiFi,Warranty: 24 months device + 6 months screen warranty.,Apple,iPad mini 7 128GB WiFi,5,10,False,iPad mini 7 128GB WiFi,"Explore the iPad mini 7 128GB WiFi by Apple, a high-quality tablet.",,"apple, ipad mini 7 128gb wifi, tablet",,[],Discover the iPad mini 7 128GB WiFi from Apple. This tablet offers exceptional performance and features.,True,,,[],[],False,61000,65500
TB,iPad 10th gen 64GB Cellular,Warranty: 24 months device + 6 months screen warranty.,Apple,iPad 10th gen 64GB Cellular,5,10,False,iPad 10th gen 64GB Cellular,"Explore the iPad 10th gen 64GB Cellular by Apple, a high-quality tablet.",,"apple, ipad 10th gen 64gb cellular, tablet",,[],Discover the iPad 10th gen 64GB Cellular from Apple. This tablet offers exceptional performance and features.,True,,,[],[],False,51000,55000
TB,iPad 11th gen 128GB Cellular,Warranty: 24 months device + 6 months screen warranty.,Apple,iPad 11th gen 128GB Cellular,5,10,False,iPad 11th gen 128GB Cellular,"Explore the iPad 11th gen 128GB Cellular by Apple, a high-quality tablet.",,"apple, ipad 11th gen 128gb cellular, tablet",,[],Discover the iPad 11th gen 128GB Cellular from Apple. This tablet offers exceptional performance and features.,True,,,[],[],False,64500,68500
TB,iPad 11th gen 256GB WiFi,Warranty: 24 months device + 6 months screen warranty.,Apple,iPad 11th gen 256GB WiFi,5,10,False,iPad 11th gen 256GB WiFi,"Explore the iPad 11th gen 256GB WiFi by Apple, a high-quality tablet.",,"apple, ipad 11th gen 256gb wifi, tablet",,[],Discover the iPad 11th gen 256GB WiFi from Apple. This tablet offers exceptional performance and features.,True,,,[],[],False,64000,68000
TB,iPad 11th gen 256GB Cellular,Warranty: 24 months device + 6 months screen warranty.,Apple,iPad 11th gen 256GB Cellular,5,10,False,iPad 11th gen 256GB Cellular,"Explore the iPad 11th gen 256GB Cellular by Apple, a high-quality tablet.",,"apple, ipad 11th gen 256gb cellular, tablet",,[],Discover the iPad 11th gen 256GB Cellular from Apple. This tablet offers exceptional performance and features.,True,,,[],[],False,87000,92000
TB,iPad Air M3 128GB WiFi,Warranty: 24 months device + 6 months screen warranty.,Apple,iPad Air M3 128GB WiFi,5,10,False,iPad Air M3 128GB WiFi,"Explore the iPad Air M3 128GB WiFi by Apple, a high-quality tablet.",,"apple, ipad air m3 128gb wifi, tablet",,[],Discover the iPad Air M3 128GB WiFi from Apple. This tablet offers exceptional performance and features.,True,,,[],[],False,76000,80000
TB,iPad Air M3 128GB Cellular,Warranty: 24 months device + 6 months screen warranty.,Apple,iPad Air M3 128GB Cellular,5,10,False,iPad Air M3 128GB Cellular,"Explore the iPad Air M3 128GB Cellular by Apple, a high-quality tablet.",,"apple, ipad air m3 128gb cellular, tablet",,[],Discover the iPad Air M3 128GB Cellular from Apple. This tablet offers exceptional performance and features.,True,,,[],[],False,94000,100000
TB,iPad Air M3 256GB Cellular,Warranty: 24 months device + 6 months screen warranty.,Apple,iPad Air M3 256GB Cellular,5,10,False,iPad Air M3 256GB Cellular,"Explore the iPad Air M3 256GB Cellular by Apple, a high-quality tablet.",,"apple, ipad air m3 256gb cellular, tablet",,[],Discover the iPad Air M3 256GB Cellular from Apple. This tablet offers exceptional performance and features.,True,,,[],[],False,117000,125000
TB,iPad Pro M4 11 inch 256GB WiFi,Warranty: 24 months device + 6 months screen warranty.,Apple,iPad Pro M4 11 inch 256GB WiFi,5,10,False,iPad Pro M4 11 inch 256GB WiFi,"Explore the iPad Pro M4 11 inch 256GB WiFi by Apple, a high-quality tablet.",,"apple, ipad pro m4 11 inch 256gb wifi, tablet",,[],Discover the iPad Pro M4 11 inch 256GB WiFi from Apple. This tablet offers exceptional performance and features.,True,,,[],[],False,118000,128000
TB,iPad Pro M4 11 inch 256GB Cellular,Warranty: 24 months device + 6 months screen warranty.,Apple,iPad Pro M4 11 inch 256GB Cellular,5,10,False,iPad Pro M4 11 inch 256GB Cellular,"Explore the iPad Pro M4 11 inch 256GB Cellular by Apple, a high-quality tablet.",,"apple, ipad pro m4 11 inch 256gb cellular, tablet",,[],Discover the iPad Pro M4 11 inch 256GB Cellular from Apple. This tablet offers exceptional performance and features.,True,,,[],[],False,128000,136000
TB,iPad Pro M4 13 inch 256GB Cellular,Warranty: 24 months device + 6 months screen warranty.,Apple,iPad Pro M4 13 inch 256GB Cellular,5,10,False,iPad Pro M4 13 inch 256GB Cellular,"Explore the iPad Pro M4 13 inch 256GB Cellular by Apple, a high-quality tablet.",,"apple, ipad pro m4 13 inch 256gb cellular, tablet",,[],Discover the iPad Pro M4 13 inch 256GB Cellular from Apple. This tablet offers exceptional performance and features.,True,,,[],[],False,137000,147000
TB,iPad Pro M5 11 inch 256GB Cellular,Warranty: 24 months device + 6 months screen warranty.,Apple,iPad Pro M5 11 inch 256GB Cellular,5,10,False,iPad Pro M5 11 inch 256GB Cellular,"Explore the iPad Pro M5 11 inch 256GB Cellular by Apple, a high-quality tablet.",,"apple, ipad pro m5 11 inch 256gb cellular, tablet",,[],Discover the iPad Pro M5 11 inch 256GB Cellular from Apple. This tablet offers exceptional performance and features.,True,,,[],[],False,145500,160000
TB,iPad Pro M5 13 inch 256GB Cellular,Warranty: 24 months device + 6 months screen warranty.,Apple,iPad Pro M5 13 inch 256GB Cellular,5,10,False,iPad Pro M5 13 inch 256GB Cellular,"Explore the iPad Pro M5 13 inch 256GB Cellular by Apple, a high-quality tablet.",,"apple, ipad pro m5 13 inch 256gb cellular, tablet",,[],Discover the iPad Pro M5 13 inch 256GB Cellular from Apple. This tablet offers exceptional performance and features.,True,,,[],[],False,159000,165000
LT,MacBook Air M1 13 inch 256GB 8GB RAM,Warranty: 24 months device + 6 months screen warranty.,Apple,MacBook Air M1 13 inch 256GB 8GB,5,10,False,MacBook Air M1 13 inch 256GB 8GB RAM,"Explore the MacBook Air M1 13 inch 256GB 8GB RAM by Apple, a high-quality laptop.",,"apple, macbook air m1 13 inch 256gb 8gb, laptop, macbook air m1 13 inch 256gb 8gb ram",,[],Discover the MacBook Air M1 13 inch 256GB 8GB RAM from Apple. This laptop offers exceptional performance and features.,True,,,[],[],False,71500,80000
LT,MacBook Air M2 13 inch 256GB 16GB RAM,Warranty: 24 months device + 6 months screen warranty.,Apple,MacBook Air M2 13 inch 256GB 16GB,5,10,False,MacBook Air M2 13 inch 256GB 16GB RAM,"Explore the MacBook Air M2 13 inch 256GB 16GB RAM by Apple, a high-quality laptop.",,"apple, macbook air m2 13 inch 256gb 16gb, laptop, macbook air m2 13 inch 256gb 16gb ram",,[],Discover the MacBook Air M2 13 inch 256GB 16GB RAM from Apple. This laptop offers exceptional performance and features.,True,,,[],[],False,100000,108000
LT,MacBook Air M3 13 inch 512GB 16GB RAM,Warranty: 24 months device + 6 months screen warranty.,Apple,MacBook Air M3 13 inch 512GB 16GB,5,10,False,MacBook Air M3 13 inch 512GB 16GB RAM,"Explore the MacBook Air M3 13 inch 512GB 16GB RAM by Apple, a high-quality laptop.",,"apple, macbook air m3 13 inch 512gb 16gb, laptop, macbook air m3 13 inch 512gb 16gb ram",,[],Discover the MacBook Air M3 13 inch 512GB 16GB RAM from Apple. This laptop offers exceptional performance and features.,True,,,[],[],False,128000,138000
LT,MacBook Air M4 13 inch 256GB 16GB RAM,Warranty: 24 months device + 6 months screen warranty.,Apple,MacBook Air M4 13 inch 256GB 16GB,5,10,False,MacBook Air M4 13 inch 256GB 16GB RAM,"Explore the MacBook Air M4 13 inch 256GB 16GB RAM by Apple, a high-quality laptop.",,"apple, macbook air m4 13 inch 256gb 16gb, laptop, macbook air m4 13 inch 256gb 16gb ram",,[],Discover the MacBook Air M4 13 inch 256GB 16GB RAM from Apple. This laptop offers exceptional performance and features.,True,,,[],[],False,138000,150000
LT,MacBook Air M5 13 inch 512GB 16GB RAM,Warranty: 24 months device + 6 months screen warranty.,Apple,MacBook Air M5 13 inch 512GB 16GB,5,10,False,MacBook Air M5 13 inch 512GB 16GB RAM,"Explore the MacBook Air M5 13 inch 512GB 16GB RAM by Apple, a high-quality laptop.",,"apple, macbook air m5 13 inch 512gb 16gb, laptop, macbook air m5 13 inch 512gb 16gb ram",,[],Discover the MacBook Air M5 13 inch 512GB 16GB RAM from Apple. This laptop offers exceptional performance and features.,True,,,[],[],False,149000,165000
LT,MacBook Pro M4 14.2 inch 512GB 16GB RAM,Warranty: 24 months device + 6 months screen warranty.,Apple,MacBook Pro M4 14.2 inch 512GB 16GB,5,10,False,MacBook Pro M4 14.2 inch 512GB 16GB RAM,"Explore the MacBook Pro M4 14.2 inch 512GB 16GB RAM by Apple, a high-quality laptop.",,"apple, macbook pro m4 14.2 inch 512gb 16gb, laptop, macbook pro m4 14.2 inch 512gb 16gb ram",,[],Discover the MacBook Pro M4 14.2 inch 512GB 16GB RAM from Apple. This laptop offers exceptional performance and features.,True,,,[],[],False,198000,218000
LT,MacBook Pro M5 14.2 inch 512GB 16GB RAM,Warranty: 24 months device + 6 months screen warranty.,Apple,MacBook Pro M5 14.2 inch 512GB 16GB,5,10,False,MacBook Pro M5 14.2 inch 512GB 16GB RAM,"Explore the MacBook Pro M5 14.2 inch 512GB 16GB RAM by Apple, a high-quality laptop.",,"apple, macbook pro m5 14.2 inch 512gb 16gb, laptop, macbook pro m5 14.2 inch 512gb 16gb ram",,[],Discover the MacBook Pro M5 14.2 inch 512GB 16GB RAM from Apple. This laptop offers exceptional performance and features.,True,,,[],[],False,211000,230000
LT,iMac M1 24 inch 256GB 8GB RAM,Warranty: 24 months device + 6 months screen warranty.,Apple,iMac M1 24 inch 256GB 8GB,5,10,False,iMac M1 24 inch 256GB 8GB RAM,"Explore the iMac M1 24 inch 256GB 8GB RAM by Apple, a high-quality laptop.",,"apple, imac m1 24 inch 256gb 8gb, laptop, imac m1 24 inch 256gb 8gb ram",,[],Discover the iMac M1 24 inch 256GB 8GB RAM from Apple. This laptop offers exceptional performance and features.,True,,,[],[],False,130000,145000
AC,Apple Magic Mouse,Warranty: 24 months device + 6 months screen warranty.,Apple,Magic Mouse,5,10,False,Apple Magic Mouse,"Explore the Apple Magic Mouse by Apple, a high-quality accessory.",,"apple, magic mouse, accessory, apple magic mouse",,[],Discover the Apple Magic Mouse from Apple. This accessory offers exceptional performance and features.,True,,,[],[],False,10000,13000
AC,AirPods 4,Warranty: 24 months device + 6 months screen warranty.,Apple,AirPods 4,5,10,False,AirPods 4,"Explore the AirPods 4 by Apple, a high-quality accessory.",,"apple, airpods 4, accessory",,[],Discover the AirPods 4 from Apple. This accessory offers exceptional performance and features.,True,,,[],[],False,15500,18500
AC,AirPods Pro 2,Warranty: 24 months device + 6 months screen warranty.,Apple,AirPods Pro 2,5,10,False,AirPods Pro 2,"Explore the AirPods Pro 2 by Apple, a high-quality accessory.",,"apple, airpods pro 2, accessory",,[],Discover the AirPods Pro 2 from Apple. This accessory offers exceptional performance and features.,True,,,[],[],False,25000,27500
AC,AirPods Pro 3,Warranty: 24 months device + 6 months screen warranty.,Apple,AirPods Pro 3,5,10,False,AirPods Pro 3,"Explore the AirPods Pro 3 by Apple, a high-quality accessory.",,"apple, airpods pro 3, accessory",,[],Discover the AirPods Pro 3 from Apple. This accessory offers exceptional performance and features.,True,,,[],[],False,31000,32500
AC,AirPods Max (USB-C),Warranty: 24 months device + 6 months screen warranty.,Apple,AirPods Max USB-C,5,10,False,AirPods Max (USB-C),"Explore the AirPods Max (USB-C) by Apple, a high-quality accessory.",,"apple, airpods max usb-c, accessory, airpods max (usb-c)",,[],Discover the AirPods Max (USB-C) from Apple. This accessory offers exceptional performance and features.,True,,,[],[],False,66000,70000
AC,Apple Watch SE 2 44mm,Warranty: 24 months device + 6 months screen warranty.,Apple,Watch SE 2 44mm,5,10,False,Apple Watch SE 2 44mm,"Explore the Apple Watch SE 2 44mm by Apple, a high-quality accessory.",,"apple, watch se 2 44mm, accessory, apple watch se 2 44mm",,[],Discover the Apple Watch SE 2 44mm from Apple. This accessory offers exceptional performance and features.,True,,,[],[],False,28500,31500
AC,Apple Watch SE 3 40mm,Warranty: 24 months device + 6 months screen warranty.,Apple,Watch SE 3 40mm,5,10,False,Apple Watch SE 3 40mm,"Explore the Apple Watch SE 3 40mm by Apple, a high-quality accessory.",,"apple, watch se 3 40mm, accessory, apple watch se 3 40mm",,[],Discover the Apple Watch SE 3 40mm from Apple. This accessory offers exceptional performance and features.,True,,,[],[],False,33000,36000
AC,Apple Watch SE 3 44mm,Warranty: 24 months device + 6 months screen warranty.,Apple,Watch SE 3 44mm,5,10,False,Apple Watch SE 3 44mm,"Explore the Apple Watch SE 3 44mm by Apple, a high-quality accessory.",,"apple, watch se 3 44mm, accessory, apple watch se 3 44mm",,[],Discover the Apple Watch SE 3 44mm from Apple. This accessory offers exceptional performance and features.,True,,,[],[],False,36000,39000
AC,Apple Watch Series 10 46mm,Warranty: 24 months device + 6 months screen warranty.,Apple,Watch Series 10 46mm,5,10,False,Apple Watch Series 10 46mm,"Explore the Apple Watch Series 10 46mm by Apple, a high-quality accessory.",,"apple, watch series 10 46mm, accessory, apple watch series 10 46mm",,[],Discover the Apple Watch Series 10 46mm from Apple. This accessory offers exceptional performance and features.,True,,,[],[],False,43000,46000
AC,Apple Watch Series 11 42mm,Warranty: 24 months device + 6 months screen warranty.,Apple,Watch Series 11 42mm,5,10,False,Apple Watch Series 11 42mm,"Explore the Apple Watch Series 11 42mm by Apple, a high-quality accessory.",,"apple, watch series 11 42mm, accessory, apple watch series 11 42mm",,[],Discover the Apple Watch Series 11 42mm from Apple. This accessory offers exceptional performance and features.,True,,,[],[],False,44000,47000
AC,Apple Watch Series 11 46mm,Warranty: 24 months device + 6 months screen warranty.,Apple,Watch Series 11 46mm,5,10,False,Apple Watch Series 11 46mm,"Explore the Apple Watch Series 11 46mm by Apple, a high-quality accessory.",,"apple, watch series 11 46mm, accessory, apple watch series 11 46mm",,[],Discover the Apple Watch Series 11 46mm from Apple. This accessory offers exceptional performance and features.,True,,,[],[],False,50000,53500
AC,Apple Watch Ultra 3 (2025) 49mm,Warranty: 24 months device + 6 months screen warranty.,Apple,Watch Ultra 3 2025 49mm,5,10,False,Apple Watch Ultra 3 (2025) 49mm,"Explore the Apple Watch Ultra 3 (2025) 49mm by Apple, a high-quality accessory.",,"apple, watch ultra 3 2025 49mm, accessory, apple watch ultra 3 (2025) 49mm",,[],Discover the Apple Watch Ultra 3 (2025) 49mm from Apple. This accessory offers exceptional performance and features.,True,,,[],[],False,100000,110000
PH,Samsung Galaxy A16 128GB 4GB RAM,Carrier-locked phone. No warranty. Sourced from Dubai (stock dated 4 May 2026).,Samsung,A16 128GB 4GB,5,10,False,Samsung Galaxy A16 128GB 4GB RAM,"Explore the Samsung Galaxy A16 128GB 4GB RAM by Samsung, a high-quality phone.",,"samsung, a16 128gb 4gb, phone, samsung galaxy a16 128gb 4gb ram",,[],Discover the Samsung Galaxy A16 128GB 4GB RAM from Samsung. This phone offers exceptional performance and features.,True,,,[],[],False,15500,18000
PH,Samsung Galaxy A16 256GB 8GB RAM,Carrier-locked phone. No warranty. Sourced from Dubai (stock dated 4 May 2026).,Samsung,A16 256GB 8GB,5,10,False,Samsung Galaxy A16 256GB 8GB RAM,"Explore the Samsung Galaxy A16 256GB 8GB RAM by Samsung, a high-quality phone.",,"samsung, a16 256gb 8gb, phone, samsung galaxy a16 256gb 8gb ram",,[],Discover the Samsung Galaxy A16 256GB 8GB RAM from Samsung. This phone offers exceptional performance and features.,True,,,[],[],False,22200,24500
PH,Samsung Galaxy A26 128GB 6GB RAM,Carrier-locked phone. No warranty. Sourced from Dubai (stock dated 4 May 2026).,Samsung,A26 128GB 6GB,5,10,False,Samsung Galaxy A26 128GB 6GB RAM,"Explore the Samsung Galaxy A26 128GB 6GB RAM by Samsung, a high-quality phone.",,"samsung, a26 128gb 6gb, phone, samsung galaxy a26 128gb 6gb ram",,[],Discover the Samsung Galaxy A26 128GB 6GB RAM from Samsung. This phone offers exceptional performance and features.,True,,,[],[],False,25500,27500
PH,Samsung Galaxy A26 256GB 8GB RAM,Carrier-locked phone. No warranty. Sourced from Dubai (stock dated 4 May 2026).,Samsung,A26 256GB 8GB,5,10,False,Samsung Galaxy A26 256GB 8GB RAM,"Explore the Samsung Galaxy A26 256GB 8GB RAM by Samsung, a high-quality phone.",,"samsung, a26 256gb 8gb, phone, samsung galaxy a26 256gb 8gb ram",,[],Discover the Samsung Galaxy A26 256GB 8GB RAM from Samsung. This phone offers exceptional performance and features.,True,,,[],[],False,29000,31500
PH,Samsung Galaxy A36 256GB 8GB RAM,Carrier-locked phone. No warranty. Sourced from Dubai (stock dated 4 May 2026).,Samsung,A36 256GB 8GB,5,10,False,Samsung Galaxy A36 256GB 8GB RAM,"Explore the Samsung Galaxy A36 256GB 8GB RAM by Samsung, a high-quality phone.",,"samsung, a36 256gb 8gb, phone, samsung galaxy a36 256gb 8gb ram",,[],Discover the Samsung Galaxy A36 256GB 8GB RAM from Samsung. This phone offers exceptional performance and features.,True,,,[],[],False,36000,38500
PH,Samsung Galaxy A36 256GB 12GB RAM,Carrier-locked phone. No warranty. Sourced from Dubai (stock dated 4 May 2026).,Samsung,A36 256GB 12GB,5,10,False,Samsung Galaxy A36 256GB 12GB RAM,"Explore the Samsung Galaxy A36 256GB 12GB RAM by Samsung, a high-quality phone.",,"samsung, a36 256gb 12gb, phone, samsung galaxy a36 256gb 12gb ram",,[],Discover the Samsung Galaxy A36 256GB 12GB RAM from Samsung. This phone offers exceptional performance and features.,True,,,[],[],False,37500,40500
PH,Samsung Galaxy A37 256GB 8GB RAM,Carrier-locked phone. No warranty. Sourced from Dubai (stock dated 4 May 2026).,Samsung,A37 256GB 8GB,5,10,False,Samsung Galaxy A37 256GB 8GB RAM,"Explore the Samsung Galaxy A37 256GB 8GB RAM by Samsung, a high-quality phone.",,"samsung, a37 256gb 8gb, phone, samsung galaxy a37 256gb 8gb ram",,[],Discover the Samsung Galaxy A37 256GB 8GB RAM from Samsung. This phone offers exceptional performance and features.,True,,,[],[],False,48500,51500
PH,Samsung Galaxy A56 256GB 8GB RAM,Carrier-locked phone. No warranty. Sourced from Dubai (stock dated 4 May 2026).,Samsung,A56 256GB 8GB,5,10,False,Samsung Galaxy A56 256GB 8GB RAM,"Explore the Samsung Galaxy A56 256GB 8GB RAM by Samsung, a high-quality phone.",,"samsung, a56 256gb 8gb, phone, samsung galaxy a56 256gb 8gb ram",,[],Discover the Samsung Galaxy A56 256GB 8GB RAM from Samsung. This phone offers exceptional performance and features.,True,,,[],[],False,44000,47500
PH,Samsung Galaxy A56 256GB 12GB RAM,Carrier-locked phone. No warranty. Sourced from Dubai (stock dated 4 May 2026).,Samsung,A56 256GB 12GB,5,10,False,Samsung Galaxy A56 256GB 12GB RAM,"Explore the Samsung Galaxy A56 256GB 12GB RAM by Samsung, a high-quality phone.",,"samsung, a56 256gb 12gb, phone, samsung galaxy a56 256gb 12gb ram",,[],Discover the Samsung Galaxy A56 256GB 12GB RAM from Samsung. This phone offers exceptional performance and features.,True,,,[],[],False,48000,51500
PH,Samsung Galaxy A57 256GB 8GB RAM,Carrier-locked phone. No warranty. Sourced from Dubai (stock dated 4 May 2026).,Samsung,A57 256GB 8GB,5,10,False,Samsung Galaxy A57 256GB 8GB RAM,"Explore the Samsung Galaxy A57 256GB 8GB RAM by Samsung, a high-quality phone.",,"samsung, a57 256gb 8gb, phone, samsung galaxy a57 256gb 8gb ram",,[],Discover the Samsung Galaxy A57 256GB 8GB RAM from Samsung. This phone offers exceptional performance and features.,True,,,[],[],False,53500,58000
PH,Samsung Galaxy A57 256GB 12GB RAM,Carrier-locked phone. No warranty. Sourced from Dubai (stock dated 4 May 2026).,Samsung,A57 256GB 12GB,5,10,False,Samsung Galaxy A57 256GB 12GB RAM,"Explore the Samsung Galaxy A57 256GB 12GB RAM by Samsung, a high-quality phone.",,"samsung, a57 256gb 12gb, phone, samsung galaxy a57 256gb 12gb ram",,[],Discover the Samsung Galaxy A57 256GB 12GB RAM from Samsung. This phone offers exceptional performance and features.,True,,,[],[],False,57000,61500
PH,Samsung Galaxy S24 256GB 8GB RAM,Carrier-locked phone. No warranty. Sourced from Dubai (stock dated 4 May 2026).,Samsung,S24 256GB 8GB,5,10,False,Samsung Galaxy S24 256GB 8GB RAM,"Explore the Samsung Galaxy S24 256GB 8GB RAM by Samsung, a high-quality phone.",,"samsung, s24 256gb 8gb, phone, samsung galaxy s24 256gb 8gb ram",,[],Discover the Samsung Galaxy S24 256GB 8GB RAM from Samsung. This phone offers exceptional performance and features.,True,,,[],[],False,70000,73500
PH,Samsung Galaxy S25 FE 128GB 8GB RAM,Carrier-locked phone. No warranty. Sourced from Dubai (stock dated 4 May 2026).,Samsung,S25 FE 128GB 8GB,5,10,False,Samsung Galaxy S25 FE 128GB 8GB RAM,"Explore the Samsung Galaxy S25 FE 128GB 8GB RAM by Samsung, a high-quality phone.",,"samsung, s25 fe 128gb 8gb, phone, samsung galaxy s25 fe 128gb 8gb ram",,[],Discover the Samsung Galaxy S25 FE 128GB 8GB RAM from Samsung. This phone offers exceptional performance and features.,True,,,[],[],False,61000,65000
PH,Samsung Galaxy S25 FE 256GB 8GB RAM,Carrier-locked phone. No warranty. Sourced from Dubai (stock dated 4 May 2026).,Samsung,S25 FE 256GB 8GB,5,10,False,Samsung Galaxy S25 FE 256GB 8GB RAM,"Explore the Samsung Galaxy S25 FE 256GB 8GB RAM by Samsung, a high-quality phone.",,"samsung, s25 fe 256gb 8gb, phone, samsung galaxy s25 fe 256gb 8gb ram",,[],Discover the Samsung Galaxy S25 FE 256GB 8GB RAM from Samsung. This phone offers exceptional performance and features.,True,,,[],[],False,68500,71500
PH,Samsung Galaxy S25 128GB 12GB RAM,Carrier-locked phone. No warranty. Sourced from Dubai (stock dated 4 May 2026).,Samsung,S25 128GB 12GB,5,10,False,Samsung Galaxy S25 128GB 12GB RAM,"Explore the Samsung Galaxy S25 128GB 12GB RAM by Samsung, a high-quality phone.",,"samsung, s25 128gb 12gb, phone, samsung galaxy s25 128gb 12gb ram",,[],Discover the Samsung Galaxy S25 128GB 12GB RAM from Samsung. This phone offers exceptional performance and features.,True,,,[],[],False,76500,80500
PH,Samsung Galaxy S25 256GB 12GB RAM,Carrier-locked phone. No warranty. Sourced from Dubai (stock dated 4 May 2026).,Samsung,S25 256GB 12GB,5,10,False,Samsung Galaxy S25 256GB 12GB RAM,"Explore the Samsung Galaxy S25 256GB 12GB RAM by Samsung, a high-quality phone.",,"samsung, s25 256gb 12gb, phone, samsung galaxy s25 256gb 12gb ram",,[],Discover the Samsung Galaxy S25 256GB 12GB RAM from Samsung. This phone offers exceptional performance and features.,True,,,[],[],False,82000,85500
PH,Samsung Galaxy S25 Edge 256GB 12GB RAM,Carrier-locked phone. No warranty. Sourced from Dubai (stock dated 4 May 2026).,Samsung,S25 Edge 256GB 12GB,5,10,False,Samsung Galaxy S25 Edge 256GB 12GB RAM,"Explore the Samsung Galaxy S25 Edge 256GB 12GB RAM by Samsung, a high-quality phone.",,"samsung, s25 edge 256gb 12gb, phone, samsung galaxy s25 edge 256gb 12gb ram",,[],Discover the Samsung Galaxy S25 Edge 256GB 12GB RAM from Samsung. This phone offers exceptional performance and features.,True,,,[],[],False,80000,85000
PH,Samsung Galaxy S25 Ultra 256GB 12GB RAM,Carrier-locked phone. No warranty. Sourced from Dubai (stock dated 4 May 2026).,Samsung,S25 Ultra 256GB 12GB,5,10,False,Samsung Galaxy S25 Ultra 256GB 12GB RAM,"Explore the Samsung Galaxy S25 Ultra 256GB 12GB RAM by Samsung, a high-quality phone.",,"samsung, s25 ultra 256gb 12gb, phone, samsung galaxy s25 ultra 256gb 12gb ram",,[],Discover the Samsung Galaxy S25 Ultra 256GB 12GB RAM from Samsung. This phone offers exceptional performance and features.,True,,,[],[],False,114000,120000
PH,Samsung Galaxy S25 Ultra 512GB 12GB RAM,Carrier-locked phone. No warranty. Sourced from Dubai (stock dated 4 May 2026).,Samsung,S25 Ultra 512GB 12GB,5,10,False,Samsung Galaxy S25 Ultra 512GB 12GB RAM,"Explore the Samsung Galaxy S25 Ultra 512GB 12GB RAM by Samsung, a high-quality phone.",,"samsung, s25 ultra 512gb 12gb, phone, samsung galaxy s25 ultra 512gb 12gb ram",,[],Discover the Samsung Galaxy S25 Ultra 512GB 12GB RAM from Samsung. This phone offers exceptional performance and features.,True,,,[],[],False,129000,135000
PH,Samsung Galaxy S26 256GB 12GB RAM,Carrier-locked phone. No warranty. Sourced from Dubai (stock dated 4 May 2026).,Samsung,S26 256GB 12GB,5,10,False,Samsung Galaxy S26 256GB 12GB RAM,"Explore the Samsung Galaxy S26 256GB 12GB RAM by Samsung, a high-quality phone.",,"samsung, s26 256gb 12gb, phone, samsung galaxy s26 256gb 12gb ram",,[],Discover the Samsung Galaxy S26 256GB 12GB RAM from Samsung. This phone offers exceptional performance and features.,True,,,[],[],False,102000,108000
PH,Samsung Galaxy S26 Ultra 256GB 12GB RAM,Carrier-locked phone. No warranty. Sourced from Dubai (stock dated 4 May 2026).,Samsung,S26 Ultra 256GB 12GB,5,10,False,Samsung Galaxy S26 Ultra 256GB 12GB RAM,"Explore the Samsung Galaxy S26 Ultra 256GB 12GB RAM by Samsung, a high-quality phone.",,"samsung, s26 ultra 256gb 12gb, phone, samsung galaxy s26 ultra 256gb 12gb ram",,[],Discover the Samsung Galaxy S26 Ultra 256GB 12GB RAM from Samsung. This phone offers exceptional performance and features.,True,,,[],[],False,135000,142000
PH,Samsung Galaxy S26 Ultra 512GB 12GB RAM,Carrier-locked phone. No warranty. Sourced from Dubai (stock dated 4 May 2026).,Samsung,S26 Ultra 512GB 12GB,5,10,False,Samsung Galaxy S26 Ultra 512GB 12GB RAM,"Explore the Samsung Galaxy S26 Ultra 512GB 12GB RAM by Samsung, a high-quality phone.",,"samsung, s26 ultra 512gb 12gb, phone, samsung galaxy s26 ultra 512gb 12gb ram",,[],Discover the Samsung Galaxy S26 Ultra 512GB 12GB RAM from Samsung. This phone offers exceptional performance and features.,True,,,[],[],False,148000,153500
PH,Samsung Galaxy Z Flip 7 256GB 12GB RAM,Carrier-locked phone. No warranty. Sourced from Dubai (stock dated 4 May 2026).,Samsung,Z Flip 7 256GB 12GB,5,10,False,Samsung Galaxy Z Flip 7 256GB 12GB RAM,"Explore the Samsung Galaxy Z Flip 7 256GB 12GB RAM by Samsung, a high-quality phone.",,"samsung, z flip 7 256gb 12gb, phone, samsung galaxy z flip 7 256gb 12gb ram",,[],Discover the Samsung Galaxy Z Flip 7 256GB 12GB RAM from Samsung. This phone offers exceptional performance and features.,True,,,[],[],False,109000,116000
PH,Samsung Galaxy Z Fold 4 512GB 12GB RAM,Carrier-locked phone. No warranty. Sourced from Dubai (stock dated 4 May 2026).,Samsung,Z Fold 4 512GB 12GB,5,10,False,Samsung Galaxy Z Fold 4 512GB 12GB RAM,"Explore the Samsung Galaxy Z Fold 4 512GB 12GB RAM by Samsung, a high-quality phone.",,"samsung, z fold 4 512gb 12gb, phone, samsung galaxy z fold 4 512gb 12gb ram",,[],Discover the Samsung Galaxy Z Fold 4 512GB 12GB RAM from Samsung. This phone offers exceptional performance and features.,True,,,[],[],False,91000,96000
PH,Samsung Galaxy Z Fold 7 256GB 12GB RAM,Carrier-locked phone. No warranty. Sourced from Dubai (stock dated 4 May 2026).,Samsung,Z Fold 7 256GB 12GB,5,10,False,Samsung Galaxy Z Fold 7 256GB 12GB RAM,"Explore the Samsung Galaxy Z Fold 7 256GB 12GB RAM by Samsung, a high-quality phone.",,"samsung, z fold 7 256gb 12gb, phone, samsung galaxy z fold 7 256gb 12gb ram",,[],Discover the Samsung Galaxy Z Fold 7 256GB 12GB RAM from Samsung. This phone offers exceptional performance and features.,True,,,[],[],False,172500,182500
PH,Samsung Galaxy Z Fold 7 512GB 12GB RAM,Carrier-locked phone. No warranty. Sourced from Dubai (stock dated 4 May 2026).,Samsung,Z Fold 7 512GB 12GB,5,10,False,Samsung Galaxy Z Fold 7 512GB 12GB RAM,"Explore the Samsung Galaxy Z Fold 7 512GB 12GB RAM by Samsung, a high-quality phone.",,"samsung, z fold 7 512gb 12gb, phone, samsung galaxy z fold 7 512gb 12gb ram",,[],Discover the Samsung Galaxy Z Fold 7 512GB 12GB RAM from Samsung. This phone offers exceptional performance and features.,True,,,[],[],False,183000,193000
TB,Samsung Galaxy Tab A11 128GB 8GB RAM Cellular,No warranty. Sourced from Dubai (stock dated 4 May 2026).,Samsung,Tab A11 128GB 8GB Cellular,5,10,False,Samsung Galaxy Tab A11 128GB 8GB RAM Cellular,"Explore the Samsung Galaxy Tab A11 128GB 8GB RAM Cellular by Samsung, a high-quality tablet.",,"samsung, tab a11 128gb 8gb cellular, tablet, samsung galaxy tab a11 128gb 8gb ram cellular",,[],Discover the Samsung Galaxy Tab A11 128GB 8GB RAM Cellular from Samsung. This tablet offers exceptional performance and features.,True,,,[],[],False,23000,26000
TB,Samsung Galaxy Tab A11 Plus 128GB 6GB RAM Cellular,No warranty. Sourced from Dubai (stock dated 4 May 2026).,Samsung,Tab A11 Plus 128GB 6GB Cellular,5,10,False,Samsung Galaxy Tab A11 Plus 128GB 6GB RAM Cellular,"Explore the Samsung Galaxy Tab A11 Plus 128GB 6GB RAM Cellular by Samsung, a high-quality tablet.",,"samsung, tab a11 plus 128gb 6gb cellular, tablet, samsung galaxy tab a11 plus 128gb 6gb ram cellular",,[],Discover the Samsung Galaxy Tab A11 Plus 128GB 6GB RAM Cellular from Samsung. This tablet offers exceptional performance and features.,True,,,[],[],False,32000,35000
TB,Samsung Galaxy Tab S9 256GB 12GB RAM Cellular,No warranty. Sourced from Dubai (stock dated 4 May 2026).,Samsung,Tab S9 256GB 12GB Cellular,5,10,False,Samsung Galaxy Tab S9 256GB 12GB RAM Cellular,"Explore the Samsung Galaxy Tab S9 256GB 12GB RAM Cellular by Samsung, a high-quality tablet.",,"samsung, tab s9 256gb 12gb cellular, tablet, samsung galaxy tab s9 256gb 12gb ram cellular",,[],Discover the Samsung Galaxy Tab S9 256GB 12GB RAM Cellular from Samsung. This tablet offers exceptional performance and features.,True,,,[],[],False,80000,86000
TB,Samsung Galaxy Tab S10 Lite 256GB 8GB RAM Cellular,No warranty. Sourced from Dubai (stock dated 4 May 2026).,Samsung,Tab S10 Lite 256GB 8GB Cellular,5,10,False,Samsung Galaxy Tab S10 Lite 256GB 8GB RAM Cellular,"Explore the Samsung Galaxy Tab S10 Lite 256GB 8GB RAM Cellular by Samsung, a high-quality tablet.",,"samsung, tab s10 lite 256gb 8gb cellular, tablet, samsung galaxy tab s10 lite 256gb 8gb ram cellular",,[],Discover the Samsung Galaxy Tab S10 Lite 256GB 8GB RAM Cellular from Samsung. This tablet offers exceptional performance and features.,True,,,[],[],False,58000,63000
TB,Samsung Galaxy Tab S10 Ultra 256GB 12GB RAM WiFi,No warranty. Sourced from Dubai (stock dated 4 May 2026).,Samsung,Tab S10 Ultra 256GB 12GB WiFi,5,10,False,Samsung Galaxy Tab S10 Ultra 256GB 12GB RAM WiFi,"Explore the Samsung Galaxy Tab S10 Ultra 256GB 12GB RAM WiFi by Samsung, a high-quality tablet.",,"samsung, tab s10 ultra 256gb 12gb wifi, tablet, samsung galaxy tab s10 ultra 256gb 12gb ram wifi",,[],Discover the Samsung Galaxy Tab S10 Ultra 256GB 12GB RAM WiFi from Samsung. This tablet offers exceptional performance and features.,True,,,[],[],False,110000,118000
TB,Samsung Galaxy Tab S10 Ultra 256GB 12GB RAM Cellular,No warranty. Sourced from Dubai (stock dated 4 May 2026).,Samsung,Tab S10 Ultra 256GB 12GB Cellular,5,10,False,Samsung Galaxy Tab S10 Ultra 256GB 12GB RAM Cellular,"Explore the Samsung Galaxy Tab S10 Ultra 256GB 12GB RAM Cellular by Samsung, a high-quality tablet.",,"samsung, tab s10 ultra 256gb 12gb cellular, tablet, samsung galaxy tab s10 ultra 256gb 12gb ram cellular",,[],Discover the Samsung Galaxy Tab S10 Ultra 256GB 12GB RAM Cellular from Samsung. This tablet offers exceptional performance and features.,True,,,[],[],False,126000,135000
TB,Samsung Galaxy Tab S11 Ultra 256GB 12GB RAM WiFi,No warranty. Sourced from Dubai (stock dated 4 May 2026).,Samsung,Tab S11 Ultra 256GB 12GB WiFi,5,10,False,Samsung Galaxy Tab S11 Ultra 256GB 12GB RAM WiFi,"Explore the Samsung Galaxy Tab S11 Ultra 256GB 12GB RAM WiFi by Samsung, a high-quality tablet.",,"samsung, tab s11 ultra 256gb 12gb wifi, tablet, samsung galaxy tab s11 ultra 256gb 12gb ram wifi",,[],Discover the Samsung Galaxy Tab S11 Ultra 256GB 12GB RAM WiFi from Samsung. This tablet offers exceptional performance and features.,True,,,[],[],False,117000,127000
TB,Samsung Galaxy Tab S11 Ultra 256GB 12GB RAM Cellular,No warranty. Sourced from Dubai (stock dated 4 May 2026).,Samsung,Tab S11 Ultra 256GB 12GB Cellular,5,10,False,Samsung Galaxy Tab S11 Ultra 256GB 12GB RAM Cellular,"Explore the Samsung Galaxy Tab S11 Ultra 256GB 12GB RAM Cellular by Samsung, a high-quality tablet.",,"samsung, tab s11 ultra 256gb 12gb cellular, tablet, samsung galaxy tab s11 ultra 256gb 12gb ram cellular",,[],Discover the Samsung Galaxy Tab S11 Ultra 256GB 12GB RAM Cellular from Samsung. This tablet offers exceptional performance and features.,True,,,[],[],False,139000,150000
AC,Samsung Galaxy Buds 3 FE,No warranty. Sourced from Dubai (stock dated 4 May 2026).,Samsung,Buds 3 FE,5,10,False,Samsung Galaxy Buds 3 FE,"Explore the Samsung Galaxy Buds 3 FE by Samsung, a high-quality accessory.",,"samsung, buds 3 fe, accessory, samsung galaxy buds 3 fe",,[],Discover the Samsung Galaxy Buds 3 FE from Samsung. This accessory offers exceptional performance and features.,True,,,[],[],False,14000,16000
AC,Samsung Galaxy Buds 3 Pro,No warranty. Sourced from Dubai (stock dated 4 May 2026).,Samsung,Buds 3 Pro,5,10,False,Samsung Galaxy Buds 3 Pro,"Explore the Samsung Galaxy Buds 3 Pro by Samsung, a high-quality accessory.",,"samsung, buds 3 pro, accessory, samsung galaxy buds 3 pro",,[],Discover the Samsung Galaxy Buds 3 Pro from Samsung. This accessory offers exceptional performance and features.,True,,,[],[],False,17000,19500
AC,Samsung Galaxy Buds 4,No warranty. Sourced from Dubai (stock dated 4 May 2026).,Samsung,Buds 4,5,10,False,Samsung Galaxy Buds 4,"Explore the Samsung Galaxy Buds 4 by Samsung, a high-quality accessory.",,"samsung, buds 4, accessory, samsung galaxy buds 4",,[],Discover the Samsung Galaxy Buds 4 from Samsung. This accessory offers exceptional performance and features.,True,,,[],[],False,19500,22000
AC,Samsung Galaxy Buds 4 Pro,No warranty. Sourced from Dubai (stock dated 4 May 2026).,Samsung,Buds 4 Pro,5,10,False,Samsung Galaxy Buds 4 Pro,"Explore the Samsung Galaxy Buds 4 Pro by Samsung, a high-quality accessory.",,"samsung, buds 4 pro, accessory, samsung galaxy buds 4 pro",,[],Discover the Samsung Galaxy Buds 4 Pro from Samsung. This accessory offers exceptional performance and features.,True,,,[],[],False,27500,30500
AC,Samsung Galaxy Watch 6 Classic 43mm,No warranty. Sourced from Dubai (stock dated 4 May 2026).,Samsung,Watch 6 Classic 43mm,5,10,False,Samsung Galaxy Watch 6 Classic 43mm,"Explore the Samsung Galaxy Watch 6 Classic 43mm by Samsung, a high-quality accessory.",,"samsung, watch 6 classic 43mm, accessory, samsung galaxy watch 6 classic 43mm",,[],Discover the Samsung Galaxy Watch 6 Classic 43mm from Samsung. This accessory offers exceptional performance and features.,True,,,[],[],False,20000,23500
AC,Samsung Galaxy Watch 6 Classic 47mm,No warranty. Sourced from Dubai (stock dated 4 May 2026).,Samsung,Watch 6 Classic 47mm,5,10,False,Samsung Galaxy Watch 6 Classic 47mm,"Explore the Samsung Galaxy Watch 6 Classic 47mm by Samsung, a high-quality accessory.",,"samsung, watch 6 classic 47mm, accessory, samsung galaxy watch 6 classic 47mm",,[],Discover the Samsung Galaxy Watch 6 Classic 47mm from Samsung. This accessory offers exceptional performance and features.,True,,,[],[],False,21000,24500
AC,Samsung Galaxy Watch 7 40mm,No warranty. Sourced from Dubai (stock dated 4 May 2026).,Samsung,Watch 7 40mm,5,10,False,Samsung Galaxy Watch 7 40mm,"Explore the Samsung Galaxy Watch 7 40mm by Samsung, a high-quality accessory.",,"samsung, watch 7 40mm, accessory, samsung galaxy watch 7 40mm",,[],Discover the Samsung Galaxy Watch 7 40mm from Samsung. This accessory offers exceptional performance and features.,True,,,[],[],False,21000,24500
AC,Samsung Galaxy Watch 7 44mm,No warranty. Sourced from Dubai (stock dated 4 May 2026).,Samsung,Watch 7 44mm,5,10,False,Samsung Galaxy Watch 7 44mm,"Explore the Samsung Galaxy Watch 7 44mm by Samsung, a high-quality accessory.",,"samsung, watch 7 44mm, accessory, samsung galaxy watch 7 44mm",,[],Discover the Samsung Galaxy Watch 7 44mm from Samsung. This accessory offers exceptional performance and features.,True,,,[],[],False,21500,25000
AC,Samsung Galaxy Watch 8 40mm,No warranty. Sourced from Dubai (stock dated 4 May 2026).,Samsung,Watch 8 40mm,5,10,False,Samsung Galaxy Watch 8 40mm,"Explore the Samsung Galaxy Watch 8 40mm by Samsung, a high-quality accessory.",,"samsung, watch 8 40mm, accessory, samsung galaxy watch 8 40mm",,[],Discover the Samsung Galaxy Watch 8 40mm from Samsung. This accessory offers exceptional performance and features.,True,,,[],[],False,26500,29000
AC,Samsung Galaxy Watch 8 44mm,No warranty. Sourced from Dubai (stock dated 4 May 2026).,Samsung,Watch 8 44mm,5,10,False,Samsung Galaxy Watch 8 44mm,"Explore the Samsung Galaxy Watch 8 44mm by Samsung, a high-quality accessory.",,"samsung, watch 8 44mm, accessory, samsung galaxy watch 8 44mm",,[],Discover the Samsung Galaxy Watch 8 44mm from Samsung. This accessory offers exceptional performance and features.,True,,,[],[],False,28500,37000
PH,Pixel 8 256GB 8GB RAM,Carrier-locked phone. No warranty. Sourced from Dubai (stock dated 4 May 2026).,Google,Pixel 8 256GB 8GB,5,10,False,Pixel 8 256GB 8GB RAM,"Explore the Pixel 8 256GB 8GB RAM by Google, a high-quality phone.",,"google, pixel 8 256gb 8gb, phone, pixel 8 256gb 8gb ram, pixel",,[],Discover the Pixel 8 256GB 8GB RAM from Google. This phone offers exceptional performance and features.,True,,,[],[],False,59000,65000
PH,Pixel 9 Pro XL 256GB 12GB RAM,Carrier-locked phone. No warranty. Sourced from Dubai (stock dated 4 May 2026).,Google,Pixel 9 Pro XL 256GB 12GB,5,10,False,Pixel 9 Pro XL 256GB 12GB RAM,"Explore the Pixel 9 Pro XL 256GB 12GB RAM by Google, a high-quality phone.",,"google, pixel 9 pro xl 256gb 12gb, phone, pixel 9 pro xl 256gb 12gb ram, pixel",,[],Discover the Pixel 9 Pro XL 256GB 12GB RAM from Google. This phone offers exceptional performance and features.,True,,,[],[],False,96500,101500
PH,Pixel 10 128GB 12GB RAM,Carrier-locked phone. No warranty. Sourced from Dubai (stock dated 4 May 2026).,Google,Pixel 10 128GB 12GB,5,10,False,Pixel 10 128GB 12GB RAM,"Explore the Pixel 10 128GB 12GB RAM by Google, a high-quality phone.",,"google, pixel 10 128gb 12gb, phone, pixel 10 128gb 12gb ram, pixel",,[],Discover the Pixel 10 128GB 12GB RAM from Google. This phone offers exceptional performance and features.,True,,,[],[],False,80000,85000
PH,Pixel 10 Pro 256GB 12GB RAM,Carrier-locked phone. No warranty. Sourced from Dubai (stock dated 4 May 2026).,Google,Pixel 10 Pro 256GB 12GB,5,10,False,Pixel 10 Pro 256GB 12GB RAM,"Explore the Pixel 10 Pro 256GB 12GB RAM by Google, a high-quality phone.",,"google, pixel 10 pro 256gb 12gb, phone, pixel 10 pro 256gb 12gb ram, pixel",,[],Discover the Pixel 10 Pro 256GB 12GB RAM from Google. This phone offers exceptional performance and features.,True,,,[],[],False,115000,120500
PH,Pixel 10 Pro XL 256GB 12GB RAM,Carrier-locked phone. No warranty. Sourced from Dubai (stock dated 4 May 2026).,Google,Pixel 10 Pro XL 256GB 12GB,5,10,False,Pixel 10 Pro XL 256GB 12GB RAM,"Explore the Pixel 10 Pro XL 256GB 12GB RAM by Google, a high-quality phone.",,"google, pixel 10 pro xl 256gb 12gb, phone, pixel 10 pro xl 256gb 12gb ram, pixel",,[],Discover the Pixel 10 Pro XL 256GB 12GB RAM from Google. This phone offers exceptional performance and features.,True,,,[],[],False,127000,133000
PH,Pixel 10 Pro XL 512GB 12GB RAM,Carrier-locked phone. No warranty. Sourced from Dubai (stock dated 4 May 2026).,Google,Pixel 10 Pro XL 512GB 12GB,5,10,False,Pixel 10 Pro XL 512GB 12GB RAM,"Explore the Pixel 10 Pro XL 512GB 12GB RAM by Google, a high-quality phone.",,"google, pixel 10 pro xl 512gb 12gb, phone, pixel 10 pro xl 512gb 12gb ram, pixel",,[],Discover the Pixel 10 Pro XL 512GB 12GB RAM from Google. This phone offers exceptional performance and features.,True,,,[],[],False,139000,145000
PH,OnePlus Nord CE 5 256GB 8GB RAM,Carrier-locked phone. No warranty. Sourced from Dubai (stock dated 4 May 2026).,OnePlus,Nord CE 5 256GB 8GB,5,10,False,OnePlus Nord CE 5 256GB 8GB RAM,"Explore the OnePlus Nord CE 5 256GB 8GB RAM by OnePlus, a high-quality phone.",,"oneplus, nord ce 5 256gb 8gb, phone, oneplus nord ce 5 256gb 8gb ram",,[],Discover the OnePlus Nord CE 5 256GB 8GB RAM from OnePlus. This phone offers exceptional performance and features.,True,,,[],[],False,37000,43000
PH,OnePlus 13 256GB 12GB RAM,Carrier-locked phone. No warranty. Sourced from Dubai (stock dated 4 May 2026).,OnePlus,13 256GB 12GB,5,10,False,OnePlus 13 256GB 12GB RAM,"Explore the OnePlus 13 256GB 12GB RAM by OnePlus, a high-quality phone.",,"oneplus, 13 256gb 12gb, phone, oneplus 13 256gb 12gb ram",,[],Discover the OnePlus 13 256GB 12GB RAM from OnePlus. This phone offers exceptional performance and features.,True,,,[],[],False,86000,92000
PH,OnePlus 13 512GB 16GB RAM,Carrier-locked phone. No warranty. Sourced from Dubai (stock dated 4 May 2026).,OnePlus,13 512GB 16GB,5,10,False,OnePlus 13 512GB 16GB RAM,"Explore the OnePlus 13 512GB 16GB RAM by OnePlus, a high-quality phone.",,"oneplus, 13 512gb 16gb, phone, oneplus 13 512gb 16gb ram",,[],Discover the OnePlus 13 512GB 16GB RAM from OnePlus. This phone offers exceptional performance and features.,True,,,[],[],False,90000,95000
PH,OnePlus 13s 256GB 12GB RAM,Carrier-locked phone. No warranty. Sourced from Dubai (stock dated 4 May 2026).,OnePlus,13s 256GB 12GB,5,10,False,OnePlus 13s 256GB 12GB RAM,"Explore the OnePlus 13s 256GB 12GB RAM by OnePlus, a high-quality phone.",,"oneplus, 13s 256gb 12gb, phone, oneplus 13s 256gb 12gb ram",,[],Discover the OnePlus 13s 256GB 12GB RAM from OnePlus. This phone offers exceptional performance and features.,True,,,[],[],False,65500,71500
PH,OnePlus 15 512GB 12GB RAM,Carrier-locked phone. No warranty. Sourced from Dubai (stock dated 4 May 2026).,OnePlus,15 512GB 12GB,5,10,False,OnePlus 15 512GB 12GB RAM,"Explore the OnePlus 15 512GB 12GB RAM by OnePlus, a high-quality phone.",,"oneplus, 15 512gb 12gb, phone, oneplus 15 512gb 12gb ram",,[],Discover the OnePlus 15 512GB 12GB RAM from OnePlus. This phone offers exceptional performance and features.,True,,,[],[],False,109000,113500
PH,Nothing Phone 3A 256GB 8GB RAM,Carrier-locked phone. No warranty. Sourced from Dubai (stock dated 4 May 2026).,Nothing,Phone 3A 256GB 8GB,5,10,False,Nothing Phone 3A 256GB 8GB RAM,"Explore the Nothing Phone 3A 256GB 8GB RAM by Nothing, a high-quality phone.",,"nothing, phone 3a 256gb 8gb, phone, nothing phone 3a 256gb 8gb ram",,[],Discover the Nothing Phone 3A 256GB 8GB RAM from Nothing. This phone offers exceptional performance and features.,True,,,[],[],False,47000,50000
PH,Nothing Phone 3A Pro 256GB 12GB RAM,Carrier-locked phone. No warranty. Sourced from Dubai (stock dated 4 May 2026).,Nothing,Phone 3A Pro 256GB 12GB,5,10,False,Nothing Phone 3A Pro 256GB 12GB RAM,"Explore the Nothing Phone 3A Pro 256GB 12GB RAM by Nothing, a high-quality phone.",,"nothing, phone 3a pro 256gb 12gb, phone, nothing phone 3a pro 256gb 12gb ram",,[],Discover the Nothing Phone 3A Pro 256GB 12GB RAM from Nothing. This phone offers exceptional performance and features.,True,,,[],[],False,63000,68000
PH,Nothing Phone 3 256GB 12GB RAM,Carrier-locked phone. No warranty. Sourced from Dubai (stock dated 4 May 2026).,Nothing,Phone 3 256GB 12GB,5,10,False,Nothing Phone 3 256GB 12GB RAM,"Explore the Nothing Phone 3 256GB 12GB RAM by Nothing, a high-quality phone.",,"nothing, phone 3 256gb 12gb, phone, nothing phone 3 256gb 12gb ram",,[],Discover the Nothing Phone 3 256GB 12GB RAM from Nothing. This phone offers exceptional performance and features.,True,,,[],[],False,80500,85000
PH,Honor X6C 256GB 6GB RAM,Carrier-locked phone. No warranty. Sourced from Dubai (stock dated 4 May 2026).,Honor,X6C 256GB 6GB,5,10,False,Honor X6C 256GB 6GB RAM,"Explore the Honor X6C 256GB 6GB RAM by Honor, a high-quality phone.",,"honor, x6c 256gb 6gb, phone, honor x6c 256gb 6gb ram",,[],Discover the Honor X6C 256GB 6GB RAM from Honor. This phone offers exceptional performance and features.,True,,,[],[],False,16500,18500
PH,Honor X9D 256GB 8GB RAM,Carrier-locked phone. No warranty. Sourced from Dubai (stock dated 4 May 2026).,Honor,X9D 256GB 8GB,5,10,False,Honor X9D 256GB 8GB RAM,"Explore the Honor X9D 256GB 8GB RAM by Honor, a high-quality phone.",,"honor, x9d 256gb 8gb, phone, honor x9d 256gb 8gb ram",,[],Discover the Honor X9D 256GB 8GB RAM from Honor. This phone offers exceptional performance and features.,True,,,[],[],False,43000,45500
PH,Honor H400 512GB 12GB RAM,Carrier-locked phone. No warranty. Sourced from Dubai (stock dated 4 May 2026).,Honor,H400 512GB 12GB,5,10,False,Honor H400 512GB 12GB RAM,"Explore the Honor H400 512GB 12GB RAM by Honor, a high-quality phone.",,"honor, h400 512gb 12gb, phone, honor h400 512gb 12gb ram",,[],Discover the Honor H400 512GB 12GB RAM from Honor. This phone offers exceptional performance and features.,True,,,[],[],False,49000,51500
PH,Honor H400 Pro 512GB 12GB RAM,Carrier-locked phone. No warranty. Sourced from Dubai (stock dated 4 May 2026).,Honor,H400 Pro 512GB 12GB,5,10,False,Honor H400 Pro 512GB 12GB RAM,"Explore the Honor H400 Pro 512GB 12GB RAM by Honor, a high-quality phone.",,"honor, h400 pro 512gb 12gb, phone, honor h400 pro 512gb 12gb ram",,[],Discover the Honor H400 Pro 512GB 12GB RAM from Honor. This phone offers exceptional performance and features.,True,,,[],[],False,74500,78000
PH,Xiaomi 17 Pro Max 512GB 12GB RAM,Carrier-locked phone. No warranty. Sourced from Dubai (stock dated 4 May 2026).,Xiaomi,17 Pro Max 512GB 12GB,5,10,False,Xiaomi 17 Pro Max 512GB 12GB RAM,"Explore the Xiaomi 17 Pro Max 512GB 12GB RAM by Xiaomi, a high-quality phone.",,"xiaomi, 17 pro max 512gb 12gb, phone, xiaomi 17 pro max 512gb 12gb ram",,[],Discover the Xiaomi 17 Pro Max 512GB 12GB RAM from Xiaomi. This phone offers exceptional performance and features.,True,,,[],[],False,130000,133500
PH,Xiaomi 17 Pro Max 512GB 16GB RAM,Carrier-locked phone. No warranty. Sourced from Dubai (stock dated 4 May 2026).,Xiaomi,17 Pro Max 512GB 16GB,5,10,False,Xiaomi 17 Pro Max 512GB 16GB RAM,"Explore the Xiaomi 17 Pro Max 512GB 16GB RAM by Xiaomi, a high-quality phone.",,"xiaomi, 17 pro max 512gb 16gb, phone, xiaomi 17 pro max 512gb 16gb ram",,[],Discover the Xiaomi 17 Pro Max 512GB 16GB RAM from Xiaomi. This phone offers exceptional performance and features.,True,,,[],[],False,133000,136500
